temp,pork
25.6,1011.8
25.67,1011.82
25.72,1011.8
25.72,1011.82
25.81,1011.8
25.81,1011.82
25.95,1011.8
25.97,1011.82
25.86,1011.84
25.87,1011.86
25.87,1011.88
25.81,1011.86
25.79,1011.84
25.78,1011.82
25.7,1011.84
25.77,1011.86
25.93,1011.84
25.84,1011.86
25.68,1011.88
25.68,1011.9
25.54,1011.92
25.58,1011.94
25.65,1011.92
25.6,1011.9
25.55,1011.88
25.54,1011.86
25.71,1011.88
25.73,1011.86
25.6,1011.84
25.53,1011.82
25.75,1011.84
25.6,1011.86
25.53,1011.84
25.46,1011.82
25.38,1011.8
25.37,1011.8
25.17,1011.8
24.73,1011.8
24.25,1011.8
24.27,1011.8
24.37,1011.82
24.53,1011.8
24.8,1011.8
24.94,1011.82
24.97,1011.84
24.85,1011.82
24.8,1011.84
24.84,1011.82
24.93,1011.84
25.1,1011.82
25.21,1011.8
25.29,1011.8
25.24,1011.8
25.28,1011.82
25.3,1011.8
25.42,1011.82
25.45,1011.8
25.49,1011.82
25.5,1011.8
25.46,1011.8
25.46,1011.8
25.56,1011.82
25.55,1011.8
25.65,1011.8
25.68,1011.82
25.61,1011.84
25.53,1011.86
25.59,1011.84
25.59,1011.82
25.64,1011.84
25.66,1011.82
25.57,1011.8
25.55,1011.8
25.63,1011.8
25.74,1011.82
25.66,1011.8
25.71,1011.82
25.71,1011.8
25.63,1011.8
25.62,1011.8
25.73,1011.82
25.77,1011.8
25.77,1011.8
25.83,1011.8
25.82,1011.82
25.78,1011.8
25.77,1011.8
25.81,1011.82
25.8,1011.8
25.77,1011.82
25.78,1011.84
25.74,1011.82
25.72,1011.84
25.73,1011.82
25.68,1011.8
25.65,1011.82
25.58,1011.8
25.7,1011.82
25.78,1011.84
25.77,1011.82
25.78,1011.84
25.78,1011.86
25.81,1011.84
25.79,1011.86
25.79,1011.88
25.88,1011.9
25.92,1011.92
25.88,1011.9
25.9,1011.92
26.02,1011.94
26.12,1011.92
25.99,1011.9
25.87,1011.88
25.94,1011.9
25.94,1011.92
25.96,1011.94
25.9,1011.92
25.94,1011.9
25.97,1011.88
26.02,1011.86
25.93,1011.84
25.92,1011.82
25.87,1011.84
25.87,1011.82
25.89,1011.84
25.96,1011.82
26.03,1011.84
25.9,1011.86
25.94,1011.88
25.97,1011.9
25.97,1011.88
26,1011.9
26.02,1011.88
26.03,1011.9
26.03,1011.92
26.1,1011.94
26.11,1011.96
26.1,1011.94
26.12,1011.96
26.15,1011.98
26.23,1011.96
26.24,1011.94
26.23,1011.96
26.18,1011.94
26.22,1011.96
26.24,1011.98
26.2,1011.96
26.15,1011.94
26.07,1011.92
26.05,1011.94
26.06,1011.96
26.06,1011.98
26.03,1011.96
26.04,1011.98
26.04,1011.96
26.02,1011.98
26.03,1011.96
26.04,1011.98
26.02,1011.96
26.01,1011.94
26.03,1011.92
26.06,1011.9
26,1011.92
26.02,1011.94
26.04,1011.92
26.05,1011.9
26.01,1011.88
26.03,1011.86
26.04,1011.84
26.06,1011.86
26.09,1011.84
26.08,1011.86
26.1,1011.88
26.09,1011.86
26.08,1011.88
26.1,1011.9
26.13,1011.88
26.16,1011.86
26.13,1011.88
26.12,1011.9
26.14,1011.88
26.16,1011.86
26.18,1011.88
26.19,1011.9
26.2,1011.92
26.22,1011.9
26.25,1011.88
26.24,1011.86
26.25,1011.88
26.26,1011.86
26.33,1011.84
26.36,1011.86
26.44,1011.84
26.5,1011.86
26.58,1011.88
26.69,1011.86
26.66,1011.88
26.64,1011.86
26.64,1011.84
26.69,1011.82
26.71,1011.8
26.75,1011.82
26.77,1011.84
26.85,1011.82
26.91,1011.8
26.85,1011.8
26.81,1011.82
26.8,1011.8
26.81,1011.82
26.83,1011.84
26.84,1011.86
26.84,1011.84
26.88,1011.86
26.92,1011.88
26.93,1011.9
26.93,1011.88
26.92,1011.9
26.9,1011.92
26.93,1011.94
26.93,1011.92
26.96,1011.94
26.93,1011.96
26.92,1011.94
26.98,1011.92
27.01,1011.9
27.05,1011.92
27.08,1011.9
27.1,1011.88
27.09,1011.86
27.07,1011.84
27.06,1011.82
27.02,1011.84
26.94,1011.86
26.91,1011.84
26.9,1011.82
26.92,1011.8
26.93,1011.8
27,1011.82
26.96,1011.84
26.99,1011.86
27,1011.88
27.04,1011.9
27.04,1011.92
27.01,1011.94
27,1011.92
27.05,1011.9
27.01,1011.88
27.02,1011.86
27.02,1011.88
27,1011.9
27.01,1011.88
26.96,1011.9
26.99,1011.92
26.95,1011.9
26.95,1011.92
26.91,1011.94
26.88,1011.92
26.87,1011.9
26.87,1011.88
26.84,1011.86
26.9,1011.84
26.89,1011.86
26.87,1011.88
26.91,1011.9
26.87,1011.92
26.86,1011.9
26.84,1011.88
26.83,1011.86
26.78,1011.88
26.77,1011.86
26.73,1011.84
26.76,1011.82
26.72,1011.8
26.69,1011.82
26.68,1011.8
26.68,1011.8
26.64,1011.82
26.65,1011.84
26.65,1011.82
26.63,1011.8
26.63,1011.82
26.63,1011.8
26.66,1011.8
26.72,1011.82
26.77,1011.84
26.79,1011.82
26.82,1011.84
26.82,1011.86
26.79,1011.88
26.78,1011.9
26.79,1011.88
26.74,1011.9
26.74,1011.92
26.72,1011.9
26.7,1011.88
26.71,1011.86
26.77,1011.88
26.83,1011.9
26.73,1011.88
26.79,1011.86
26.81,1011.84
26.79,1011.86
26.67,1011.84
26.59,1011.82
26.57,1011.84
26.6,1011.86
26.63,1011.88
26.69,1011.9
26.72,1011.92
26.71,1011.9
26.71,1011.92
26.73,1011.94
26.69,1011.96
26.66,1011.94
26.57,1011.92
26.51,1011.94
26.57,1011.96
26.55,1011.98
26.5,1012
26.49,1011.98
26.46,1011.96
26.5,1011.98
26.51,1012
26.48,1011.98
26.44,1011.96
26.49,1011.94
26.47,1011.96
26.47,1011.94
26.5,1011.96
26.55,1011.98
26.53,1012
26.53,1011.98
26.5,1012
26.48,1012.02
26.51,1012
26.52,1011.98
26.52,1011.96
26.56,1011.98
26.58,1011.96
26.57,1011.98
26.6,1011.96
26.61,1011.98
26.64,1011.96
26.59,1011.94
26.6,1011.92
26.58,1011.9
26.58,1011.88
26.62,1011.86
26.59,1011.88
26.54,1011.9
26.52,1011.92
26.56,1011.94
26.54,1011.96
26.54,1011.94
26.54,1011.96
26.56,1011.98
26.56,1011.96
26.57,1011.94
26.58,1011.92
26.59,1011.9
26.54,1011.88
26.58,1011.86
26.54,1011.84
26.56,1011.82
26.61,1011.8
26.62,1011.8
26.66,1011.8
26.69,1011.8
26.72,1011.8
26.7,1011.8
26.67,1011.82
26.66,1011.84
26.63,1011.86
26.59,1011.88
26.57,1011.86
26.57,1011.84
26.56,1011.82
26.53,1011.8
26.54,1011.82
26.56,1011.8
26.56,1011.82
26.57,1011.8
26.59,1011.8
26.62,1011.82
26.66,1011.8
26.69,1011.8
26.72,1011.82
26.71,1011.8
26.71,1011.82
26.72,1011.8
26.73,1011.82
26.74,1011.84
26.73,1011.82
26.69,1011.8
26.68,1011.8
26.64,1011.8
26.67,1011.8
26.68,1011.8
26.65,1011.82
26.61,1011.84
26.63,1011.82
26.64,1011.84
26.68,1011.86
26.64,1011.84
25.41,1011.86
25.46,1011.88
25.52,1011.9
25.63,1011.88
25.55,1011.9
25.48,1011.88
25.47,1011.9
25.45,1011.92
25.5,1011.9
25.53,1011.88
25.49,1011.86
25.52,1011.84
25.56,1011.86
25.53,1011.84
25.53,1011.86
25.5,1011.88
25.49,1011.9
25.42,1011.88
25.5,1011.9
25.5,1011.88
25.38,1011.86
25.43,1011.84
25.39,1011.82
25.38,1011.84
25.44,1011.82
25.44,1011.84
25.43,1011.82
25.44,1011.84
25.43,1011.86
25.46,1011.88
25.48,1011.86
25.49,1011.88
25.49,1011.9
25.5,1011.88
25.54,1011.9
25.44,1011.88
25.42,1011.86
25.43,1011.88
25.41,1011.86
25.37,1011.84
25.38,1011.82
25.49,1011.84
25.49,1011.82
25.49,1011.84
25.53,1011.82
25.51,1011.84
25.51,1011.82
25.48,1011.84
25.46,1011.86
25.53,1011.84
25.49,1011.82
25.55,1011.8
25.47,1011.82
25.43,1011.84
25.49,1011.86
25.59,1011.88
25.74,1011.9
25.62,1011.88
25.67,1011.9
25.58,1011.92
25.55,1011.9
25.35,1011.92
25.52,1011.9
25.53,1011.92
25.55,1011.94
25.56,1011.92
25.47,1011.94
25.37,1011.96
25.39,1011.98
25.3,1012
25.28,1011.98
25.23,1012
25.19,1012.02
25.14,1012
25.15,1012.02
25.12,1012
25.08,1011.98
25.18,1011.96
25.18,1011.94
25.12,1011.96
25.08,1011.98
25.06,1011.96
25.07,1011.98
25.13,1012
25.14,1012.02
25.13,1012.04
25.18,1012.02
25.22,1012.04
25.25,1012.02
25.29,1012.04
25.26,1012.06
25.1,1012.08
25.08,1012.06
25.11,1012.04
25.05,1012.02
25.11,1012
25.04,1012.02
25.02,1012
24.93,1012.02
25,1012.04
25.02,1012.06
24.99,1012.08
25.01,1012.1
24.92,1012.12
24.89,1012.1
24.95,1012.12
24.9,1012.14
24.94,1012.16
24.95,1012.14
24.95,1012.16
25,1012.18
24.97,1012.2
24.97,1012.18
24.93,1012.16
24.93,1012.18
24.83,1012.2
24.87,1012.18
24.92,1012.16
24.93,1012.14
24.97,1012.12
24.95,1012.1
24.96,1012.08
24.93,1012.06
24.93,1012.08
25,1012.06
24.97,1012.08
24.93,1012.1
24.89,1012.12
24.91,1012.1
24.96,1012.12
24.92,1012.1
24.84,1012.12
24.94,1012.14
24.95,1012.16
24.93,1012.18
24.98,1012.16
24.91,1012.14
24.9,1012.16
24.88,1012.18
24.87,1012.16
24.87,1012.18
24.91,1012.16
24.91,1012.18
24.81,1012.2
24.87,1012.18
24.83,1012.2
24.8,1012.22
24.78,1012.24
24.75,1012.22
24.8,1012.24
24.79,1012.22
24.84,1012.24
24.83,1012.26
24.83,1012.24
24.84,1012.26
24.86,1012.28
24.86,1012.3
24.83,1012.28
24.85,1012.26
24.84,1012.24
24.73,1012.26
24.68,1012.24
24.75,1012.26
24.75,1012.24
24.71,1012.26
24.74,1012.24
24.67,1012.22
24.69,1012.2
24.74,1012.18
24.71,1012.16
24.72,1012.14
24.69,1012.16
24.69,1012.14
24.76,1012.12
24.66,1012.1
24.66,1012.12
24.77,1012.1
24.74,1012.12
24.73,1012.1
24.72,1012.12
24.7,1012.1
24.7,1012.08
24.68,1012.06
24.68,1012.04
24.77,1012.02
24.72,1012.04
24.73,1012.06
24.77,1012.04
24.72,1012.06
24.71,1012.08
24.73,1012.1
24.68,1012.12
24.72,1012.14
24.74,1012.12
24.75,1012.14
24.77,1012.16
24.73,1012.18
24.73,1012.16
24.74,1012.14
24.76,1012.12
24.8,1012.14
24.81,1012.16
24.82,1012.18
24.82,1012.2
24.86,1012.22
24.93,1012.24
24.89,1012.22
24.78,1012.24
24.82,1012.22
24.86,1012.24
24.97,1012.26
24.95,1012.28
24.95,1012.3
24.92,1012.28
24.95,1012.3
24.93,1012.32
25.03,1012.3
25.01,1012.28
24.98,1012.3
24.95,1012.32
24.93,1012.3
24.99,1012.32
25,1012.34
25.02,1012.32
24.97,1012.34
25,1012.36
24.97,1012.38
24.97,1012.36
25,1012.34
24.94,1012.36
24.91,1012.34
24.94,1012.32
24.92,1012.3
24.95,1012.32
24.95,1012.34
24.97,1012.32
24.94,1012.34
24.92,1012.32
24.92,1012.3
24.91,1012.28
24.96,1012.3
24.93,1012.32
24.91,1012.3
24.9,1012.32
24.89,1012.3
24.91,1012.32
24.93,1012.34
24.9,1012.32
24.89,1012.34
24.95,1012.36
24.93,1012.34
24.93,1012.32
24.9,1012.34
24.89,1012.36
24.92,1012.38
24.93,1012.4
24.89,1012.38
24.88,1012.4
24.91,1012.42
24.92,1012.44
24.86,1012.42
24.87,1012.44
24.88,1012.42
24.88,1012.44
24.9,1012.42
24.92,1012.4
24.93,1012.42
24.94,1012.4
24.89,1012.38
24.89,1012.36
24.87,1012.38
24.91,1012.36
24.94,1012.38
24.96,1012.36
25.05,1012.38
25.07,1012.36
25.03,1012.34
25.03,1012.36
25.01,1012.34
24.98,1012.32
24.99,1012.34
25.01,1012.36
25.01,1012.38
25.07,1012.36
25.11,1012.38
25.17,1012.36
25.14,1012.38
25.15,1012.36
25.09,1012.38
25.12,1012.4
25.22,1012.38
25.29,1012.36
25.17,1012.38
25.14,1012.4
25.14,1012.38
25.09,1012.36
25.05,1012.34
24.99,1012.32
25.08,1012.3
25.14,1012.28
25.12,1012.26
25.03,1012.28
25.03,1012.3
25.05,1012.32
25,1012.34
25.01,1012.32
25.11,1012.34
25.09,1012.36
25.11,1012.38
25.23,1012.36
25.17,1012.34
25.03,1012.36
25.05,1012.38
25.02,1012.36
24.99,1012.38
25.08,1012.4
25.03,1012.38
24.98,1012.4
25.01,1012.42
25.21,1012.4
25.19,1012.38
25.17,1012.36
25.16,1012.38
25.12,1012.4
25.05,1012.42
25.05,1012.4
25.02,1012.42
25,1012.44
25.02,1012.42
25.05,1012.44
24.95,1012.42
25.03,1012.44
25.02,1012.42
24.98,1012.44
25.05,1012.42
24.97,1012.44
25.04,1012.42
25.03,1012.44
25,1012.46
25.03,1012.48
24.96,1012.5
24.94,1012.52
24.91,1012.5
24.87,1012.52
24.83,1012.54
24.88,1012.52
24.81,1012.5
24.82,1012.48
24.83,1012.5
24.87,1012.52
24.79,1012.5
24.73,1012.52
24.8,1012.54
24.76,1012.52
24.77,1012.54
24.74,1012.56
24.77,1012.58
24.75,1012.56
24.77,1012.54
24.78,1012.52
24.72,1012.5
24.73,1012.52
24.72,1012.5
24.75,1012.48
24.68,1012.46
24.78,1012.44
24.78,1012.46
24.73,1012.48
24.71,1012.5
24.69,1012.48
24.68,1012.5
24.72,1012.52
24.78,1012.5
24.81,1012.52
24.78,1012.5
24.78,1012.48
24.8,1012.5
24.76,1012.48
24.73,1012.46
24.72,1012.44
24.71,1012.46
24.76,1012.44
24.76,1012.42
24.83,1012.4
24.72,1012.42
24.78,1012.44
24.75,1012.42
24.74,1012.4
24.75,1012.42
24.78,1012.4
24.71,1012.38
24.62,1012.4
24.76,1012.42
24.75,1012.44
24.76,1012.46
24.64,1012.48
24.63,1012.45
24.65,1012.47
24.61,1012.46
24.58,1012.48
24.61,1012.5
24.67,1012.52
24.61,1012.51
24.59,1012.53
24.53,1012.52
24.61,1012.51
24.6,1012.53
24.52,1012.52
24.51,1012.51
24.54,1012.5
24.56,1012.49
24.67,1012.48
24.71,1012.5
24.61,1012.49
24.55,1012.48
24.53,1012.47
24.54,1012.46
24.59,1012.48
24.62,1012.47
24.53,1012.46
24.53,1012.48
24.53,1012.5
24.5,1012.49
24.49,1012.48
24.49,1012.5
24.53,1012.52
24.49,1012.51
24.51,1012.53
24.47,1012.52
24.47,1012.51
24.4,1012.5
24.4,1012.49
24.42,1012.51
24.39,1012.5
24.3,1012.49
24.38,1012.51
24.41,1012.53
24.32,1012.52
24.37,1012.54
24.39,1012.56
24.32,1012.55
24.25,1012.54
24.21,1012.53
24.24,1012.52
24.28,1012.54
24.26,1012.56
24.15,1012.58
24.14,1012.6
24.15,1012.62
24.29,1012.64
24.24,1012.66
24.54,1012.65
24.67,1012.64
24.51,1012.66
24.23,1012.65
24.18,1012.64
24.16,1012.66
24.27,1012.68
24.3,1012.67
24.28,1012.66
24.14,1012.65
24.07,1012.67
24.03,1012.69
23.97,1012.71
23.95,1012.7
23.97,1012.72
23.92,1012.74
23.92,1012.76
23.97,1012.75
24.06,1012.74
24.06,1012.76
23.95,1012.75
24,1012.77
23.93,1012.79
23.98,1012.81
24.03,1012.8
24,1012.79
23.95,1012.81
23.97,1012.8
23.93,1012.82
23.92,1012.81
23.98,1012.8
23.87,1012.79
23.91,1012.81
23.89,1012.8
23.97,1012.79
23.77,1012.81
23.57,1012.8
23.53,1012.82
23.69,1012.81
23.72,1012.83
23.72,1012.82
23.76,1012.81
23.72,1012.8
23.81,1012.79
23.8,1012.81
23.81,1012.8
23.83,1012.79
23.89,1012.81
23.92,1012.83
23.81,1012.82
23.83,1012.84
23.85,1012.86
23.89,1012.88
23.89,1012.9
23.87,1012.92
23.95,1012.91
23.93,1012.9
23.87,1012.89
23.8,1012.88
23.8,1012.87
23.77,1012.89
23.8,1012.91
23.84,1012.93
23.9,1012.92
23.87,1012.91
23.79,1012.93
23.89,1012.95
24.05,1012.97
24.13,1012.96
24.04,1012.95
23.98,1012.97
23.88,1012.96
23.77,1012.95
23.75,1012.94
23.72,1012.93
23.77,1012.95
23.74,1012.97
23.76,1012.96
23.86,1012.98
23.89,1013
23.84,1013.02
23.78,1013.04
23.91,1013.06
23.94,1013.08
24.05,1013.1
23.85,1013.12
23.76,1013.14
23.85,1013.16
23.46,1013.15
23.68,1013.17
24.12,1013.16
24.3,1013.15
24.41,1013.17
24.49,1013.16
24.52,1013.15
24.5,1013.14
24.52,1013.13
24.55,1013.12
24.58,1013.14
24.62,1013.13
24.63,1013.15
24.65,1013.14
24.68,1013.16
24.66,1013.15
24.66,1013.17
24.65,1013.16
24.65,1013.15
24.69,1013.17
24.68,1013.16
24.69,1013.15
24.73,1013.17
24.74,1013.16
24.78,1013.15
24.77,1013.17
24.81,1013.19
24.8,1013.18
24.75,1013.2
24.76,1013.19
24.75,1013.21
24.72,1013.23
24.76,1013.22
24.78,1013.21
24.76,1013.2
24.7,1013.22
24.65,1013.21
24.69,1013.2
24.63,1013.22
24.61,1013.24
24.6,1013.23
24.6,1013.22
24.58,1013.24
24.55,1013.26
24.53,1013.28
24.53,1013.3
24.52,1013.32
24.47,1013.34
24.48,1013.36
24.45,1013.38
24.49,1013.37
24.49,1013.39
24.48,1013.41
24.47,1013.43
24.46,1013.45
24.44,1013.47
24.43,1013.49
24.41,1013.48
24.38,1013.5
24.39,1013.49
24.41,1013.51
24.4,1013.5
24.39,1013.52
24.37,1013.54
24.38,1013.53
24.41,1013.55
24.39,1013.54
24.4,1013.56
24.4,1013.58
24.37,1013.6
24.31,1013.62
24.34,1013.61
24.32,1013.63
24.3,1013.65
24.36,1013.67
24.35,1013.69
24.37,1013.68
24.35,1013.67
24.36,1013.66
24.33,1013.68
24.33,1013.7
24.29,1013.72
24.3,1013.74
24.28,1013.76
24.29,1013.78
24.28,1013.8
24.23,1013.82
24.21,1013.84
24.23,1013.83
24.22,1013.82
24.18,1013.81
24.22,1013.83
24.17,1013.85
24.16,1013.84
24.21,1013.83
24.17,1013.85
24.15,1013.87
24.13,1013.89
24.15,1013.91
24.16,1013.9
24.14,1013.92
24.15,1013.94
24.17,1013.96
24.14,1013.98
24.11,1013.97
24.18,1013.96
24.16,1013.95
24.16,1013.94
24.18,1013.93
24.15,1013.95
24.16,1013.94
24.11,1013.93
24.08,1013.92
24.03,1013.94
24.03,1013.93
24.04,1013.92
24.03,1013.91
24.07,1013.93
24.07,1013.95
24.1,1013.97
24.07,1013.96
24.07,1013.95
24.07,1013.97
24.07,1013.96
24.09,1013.98
24.07,1014
24.02,1014.02
23.98,1014.01
24.06,1014.03
23.99,1014.05
24.01,1014.07
24.03,1014.09
23.98,1014.11
24,1014.1
23.97,1014.12
23.97,1014.11
23.98,1014.13
23.99,1014.15
23.96,1014.17
23.97,1014.19
23.93,1014.21
23.93,1014.23
23.93,1014.22
23.98,1014.21
23.98,1014.23
23.93,1014.25
23.95,1014.27
23.93,1014.29
23.91,1014.31
23.97,1014.33
23.97,1014.32
23.95,1014.31
23.94,1014.33
23.89,1014.32
23.94,1014.31
23.9,1014.3
23.88,1014.32
23.91,1014.34
23.94,1014.33
23.93,1014.35
23.91,1014.37
23.9,1014.39
23.93,1014.38
23.91,1014.37
23.94,1014.39
23.91,1014.38
23.91,1014.4
23.88,1014.39
23.89,1014.38
23.88,1014.37
23.92,1014.36
23.92,1014.35
23.85,1014.34
23.9,1014.36
23.87,1014.35
23.87,1014.34
23.88,1014.33
23.87,1014.35
23.87,1014.37
23.86,1014.39
23.86,1014.38
23.85,1014.37
23.84,1014.39
23.82,1014.41
23.84,1014.4
23.84,1014.39
23.83,1014.41
23.81,1014.4
23.8,1014.42
23.85,1014.41
23.8,1014.43
23.81,1014.45
23.84,1014.44
23.85,1014.46
23.79,1014.48
23.79,1014.47
23.77,1014.46
23.79,1014.45
23.78,1014.47
23.78,1014.46
23.78,1014.48
23.79,1014.5
23.8,1014.52
23.79,1014.54
23.82,1014.56
23.84,1014.58
23.82,1014.57
23.85,1014.59
23.8,1014.61
23.82,1014.63
23.81,1014.65
23.84,1014.64
23.86,1014.66
23.87,1014.65
23.84,1014.64
23.79,1014.63
23.82,1014.65
23.79,1014.67
23.84,1014.69
23.84,1014.71
23.87,1014.73
23.88,1014.75
23.87,1014.74
23.91,1014.76
23.94,1014.78
23.94,1014.77
23.92,1014.79
23.93,1014.81
23.95,1014.83
23.96,1014.85
24.01,1014.84
23.99,1014.86
23.95,1014.88
23.95,1014.87
23.95,1014.86
23.94,1014.85
23.93,1014.84
23.94,1014.86
23.97,1014.85
23.97,1014.87
23.98,1014.86
23.99,1014.88
23.99,1014.9
23.98,1014.92
23.97,1014.94
23.95,1014.93
23.98,1014.95
23.99,1014.94
24.03,1014.93
23.98,1014.92
24.01,1014.94
24.02,1014.96
24.02,1014.98
24.05,1014.97
24.07,1014.99
24.07,1015.01
24.01,1015
23.97,1014.99
23.94,1015.01
23.91,1015.03
23.9,1015.05
23.86,1015.07
23.85,1015.09
23.86,1015.08
23.85,1015.1
23.81,1015.09
23.79,1015.11
23.78,1015.13
23.82,1015.15
23.86,1015.17
23.9,1015.19
23.92,1015.21
23.95,1015.23
23.98,1015.25
24.01,1015.24
23.99,1015.23
24.01,1015.22
24.02,1015.24
24.03,1015.26
24.04,1015.25
24.06,1015.24
24.06,1015.26
24.09,1015.25
24.09,1015.24
24.11,1015.26
24.12,1015.28
24.14,1015.27
24.14,1015.26
24.16,1015.28
24.16,1015.3
24.18,1015.29
24.19,1015.31
24.19,1015.3
24.19,1015.29
24.21,1015.28
24.2,1015.3
24.19,1015.32
24.21,1015.34
24.2,1015.36
24.22,1015.38
24.2,1015.4
24.2,1015.42
24.2,1015.41
24.19,1015.43
24.18,1015.42
24.21,1015.41
24.21,1015.4
24.22,1015.42
24.2,1015.44
24.2,1015.46
24.19,1015.48
24.22,1015.47
24.22,1015.49
24.21,1015.48
24.22,1015.47
24.22,1015.46
24.21,1015.48
24.21,1015.47
24.23,1015.49
24.24,1015.51
24.24,1015.5
24.23,1015.52
24.23,1015.54
24.22,1015.53
24.23,1015.55
24.23,1015.57
24.2,1015.59
24.21,1015.58
24.21,1015.57
24.19,1015.59
24.21,1015.61
24.19,1015.6
24.19,1015.62
24.21,1015.64
24.21,1015.63
24.2,1015.65
24.2,1015.64
24.19,1015.63
24.2,1015.62
24.2,1015.61
24.19,1015.6
24.19,1015.62
24.21,1015.64
24.21,1015.63
24.21,1015.62
24.22,1015.64
24.21,1015.63
24.22,1015.62
24.22,1015.61
24.22,1015.63
24.21,1015.65
24.23,1015.64
24.23,1015.66
24.24,1015.68
24.24,1015.67
24.24,1015.66
24.26,1015.65
24.3,1015.67
24.34,1015.69
24.36,1015.68
24.34,1015.7
24.33,1015.72
24.35,1015.74
24.37,1015.76
24.4,1015.78
24.38,1015.8
24.39,1015.79
24.43,1015.78
24.47,1015.77
24.44,1015.79
24.43,1015.81
24.42,1015.8
24.43,1015.82
24.45,1015.81
24.5,1015.83
24.46,1015.82
24.45,1015.84
24.43,1015.86
24.42,1015.85
24.4,1015.84
24.4,1015.83
24.42,1015.85
24.4,1015.87
24.42,1015.86
24.46,1015.88
24.5,1015.9
24.48,1015.92
24.48,1015.91
24.48,1015.93
24.54,1015.92
24.53,1015.94
24.51,1015.93
24.52,1015.95
24.58,1015.97
24.64,1015.96
24.61,1015.95
24.6,1015.94
24.57,1015.93
24.58,1015.92
24.59,1015.94
24.61,1015.93
24.6,1015.95
24.58,1015.97
24.59,1015.96
24.59,1015.98
24.58,1015.97
24.57,1015.99
24.53,1015.98
24.56,1016
24.52,1016.02
24.53,1016.01
24.5,1016
24.48,1015.99
24.48,1015.98
24.49,1016
24.47,1016.02
24.45,1016.01
24.44,1016
24.48,1016.02
24.48,1016.01
24.48,1016.03
24.5,1016.02
24.52,1016.01
24.51,1016.03
24.45,1016.02
24.45,1016.04
24.42,1016.03
24.43,1016.02
24.44,1016.04
24.43,1016.06
24.46,1016.08
24.42,1016.07
24.44,1016.06
24.45,1016.05
24.45,1016.07
24.45,1016.06
24.44,1016.08
24.43,1016.07
24.45,1016.09
24.44,1016.08
24.41,1016.07
24.42,1016.09
24.42,1016.11
24.41,1016.13
24.4,1016.15
24.4,1016.17
24.41,1016.19
24.39,1016.18
24.38,1016.17
24.37,1016.16
24.37,1016.18
24.36,1016.17
24.35,1016.19
24.35,1016.18
24.32,1016.17
24.32,1016.19
24.31,1016.18
24.35,1016.17
24.35,1016.19
24.35,1016.21
24.37,1016.2
24.37,1016.19
24.35,1016.21
24.33,1016.23
24.33,1016.22
24.33,1016.24
24.34,1016.26
24.34,1016.25
24.34,1016.24
24.36,1016.26
24.39,1016.26
24.41,1016.26
24.4,1016.28
24.41,1016.3
24.43,1016.32
24.46,1016.32
24.47,1016.32
24.47,1016.32
24.48,1016.32
24.5,1016.34
24.47,1016.33
24.47,1016.35
24.48,1016.37
24.47,1016.36
24.51,1016.36
24.51,1016.36
24.51,1016.38
24.49,1016.37
24.51,1016.36
24.52,1016.36
24.52,1016.38
24.5,1016.4
24.49,1016.4
24.44,1016.42
24.47,1016.41
24.49,1016.43
24.51,1016.43
24.52,1016.45
24.53,1016.44
24.53,1016.46
24.52,1016.46
24.5,1016.48
24.5,1016.5
24.5,1016.52
24.5,1016.52
24.52,1016.52
24.53,1016.54
24.54,1016.56
24.56,1016.58
24.55,1016.58
24.57,1016.6
24.55,1016.6
24.55,1016.6
24.57,1016.62
24.58,1016.64
24.58,1016.64
24.59,1016.64
24.56,1016.66
24.56,1016.68
24.64,1016.67
24.62,1016.66
24.64,1016.66
24.62,1016.68
24.62,1016.67
24.64,1016.69
24.64,1016.68
24.65,1016.7
24.67,1016.72
24.68,1016.72
24.66,1016.74
24.67,1016.76
24.69,1016.75
24.71,1016.77
24.7,1016.77
24.73,1016.79
24.73,1016.81
24.72,1016.83
24.73,1016.82
24.72,1016.84
24.74,1016.86
24.73,1016.88
24.74,1016.9
24.73,1016.92
24.71,1016.94
24.69,1016.96
24.72,1016.95
24.72,1016.97
24.73,1016.96
24.74,1016.98
24.74,1016.97
24.75,1016.99
24.74,1017.01
24.77,1017
24.76,1016.99
24.76,1017.01
24.75,1017
24.75,1016.99
24.77,1016.98
24.76,1016.97
24.76,1016.99
24.78,1017.01
24.76,1017
24.73,1017.02
24.72,1017.02
24.75,1017.02
24.72,1017.04
24.68,1017.04
24.65,1017.06
24.6,1017.08
24.58,1017.1
24.57,1017.12
24.54,1017.11
24.52,1017.13
24.48,1017.15
24.45,1017.17
24.43,1017.17
24.38,1017.17
24.35,1017.19
24.3,1017.21
24.31,1017.2
24.29,1017.19
24.31,1017.19
24.29,1017.19
24.27,1017.19
24.26,1017.21
24.21,1017.23
24.22,1017.22
24.22,1017.21
24.24,1017.2
24.23,1017.22
24.24,1017.24
24.21,1017.26
24.21,1017.25
24.19,1017.27
24.17,1017.27
24.19,1017.27
24.19,1017.29
24.2,1017.29
24.2,1017.31
24.2,1017.33
24.21,1017.35
24.21,1017.35
24.21,1017.37
24.21,1017.39
24.21,1017.38
24.19,1017.4
24.19,1017.4
24.19,1017.42
24.18,1017.44
24.18,1017.46
24.19,1017.46
24.16,1017.46
24.16,1017.46
24.18,1017.46
24.15,1017.46
24.14,1017.46
24.13,1017.46
24.12,1017.46
24.11,1017.48
24.12,1017.48
24.1,1017.48
24.11,1017.48
24.09,1017.48
24.05,1017.48
24.06,1017.48
24.05,1017.48
24.07,1017.5
24.06,1017.52
24.06,1017.54
24.06,1017.54
24.06,1017.56
24.05,1017.58
24.01,1017.6
24.01,1017.6
24,1017.6
23.97,1017.6
23.97,1017.6
24,1017.6
24.01,1017.6
23.97,1017.62
23.95,1017.62
23.92,1017.64
23.92,1017.64
23.94,1017.66
23.93,1017.66
23.91,1017.66
23.9,1017.68
23.91,1017.68
23.89,1017.7
23.9,1017.72
23.9,1017.72
23.92,1017.72
23.87,1017.74
23.87,1017.74
23.89,1017.74
23.89,1017.74
23.89,1017.74
23.87,1017.76
23.88,1017.76
23.85,1017.78
23.87,1017.8
23.9,1017.82
23.89,1017.84
23.87,1017.84
23.84,1017.84
23.85,1017.86
23.84,1017.88
23.82,1017.9
23.8,1017.92
23.84,1017.92
23.86,1017.92
23.83,1017.94
23.8,1017.96
23.83,1017.96
23.84,1017.98
23.8,1017.98
23.81,1017.98
23.81,1018
23.8,1018.02
23.79,1018.04
23.81,1018.06
23.8,1018.06
23.79,1018.08
23.78,1018.1
23.78,1018.12
23.8,1018.14
23.79,1018.16
23.77,1018.16
23.75,1018.18
23.79,1018.2
23.8,1018.22
23.77,1018.24
23.79,1018.24
23.79,1018.26
23.79,1018.28
23.79,1018.28
23.75,1018.28
23.73,1018.3
23.75,1018.32
23.77,1018.32
23.76,1018.34
23.75,1018.36
23.73,1018.38
23.75,1018.38
23.74,1018.38
23.75,1018.4
23.75,1018.42
23.74,1018.44
23.74,1018.46
23.75,1018.46
23.77,1018.46
23.75,1018.48
23.74,1018.5
23.73,1018.5
23.71,1018.5
23.72,1018.52
23.7,1018.51
23.7,1018.53
23.69,1018.53
23.68,1018.53
23.67,1018.53
23.68,1018.53
23.68,1018.55
23.64,1018.55
23.63,1018.57
23.66,1018.59
23.68,1018.59
23.69,1018.59
23.71,1018.59
23.72,1018.59
23.72,1018.61
23.74,1018.61
23.73,1018.63
23.72,1018.63
23.73,1018.65
23.75,1018.65
23.75,1018.67
23.76,1018.67
23.78,1018.67
23.78,1018.67
23.8,1018.67
23.81,1018.67
23.81,1018.67
23.81,1018.69
23.82,1018.69
23.81,1018.69
23.79,1018.71
23.77,1018.73
23.79,1018.75
23.78,1018.77
23.78,1018.79
23.81,1018.78
23.78,1018.78
23.8,1018.78
23.83,1018.78
23.84,1018.8
23.85,1018.82
23.82,1018.82
23.85,1018.84
23.85,1018.86
23.85,1018.88
23.83,1018.88
23.84,1018.9
23.86,1018.9
23.91,1018.9
23.9,1018.9
23.91,1018.9
23.92,1018.9
23.95,1018.92
23.95,1018.92
23.93,1018.92
23.9,1018.94
23.89,1018.94
23.92,1018.94
23.92,1018.94
23.94,1018.94
23.96,1018.96
23.95,1018.96
23.96,1018.98
23.96,1018.98
23.99,1018.98
23.97,1019
23.99,1019.02
23.95,1019.04
24.01,1019.06
24.02,1019.08
24.03,1019.1
24.05,1019.12
24.06,1019.11
24.08,1019.11
24.07,1019.13
24.06,1019.15
24.07,1019.17
24.08,1019.19
24.08,1019.21
24.1,1019.23
24.12,1019.25
24.09,1019.27
23.99,1019.26
23.92,1019.26
23.87,1019.28
23.85,1019.3
23.84,1019.3
23.81,1019.32
23.79,1019.34
23.78,1019.36
23.77,1019.36
23.79,1019.38
23.75,1019.38
23.73,1019.4
23.71,1019.4
23.69,1019.4
23.69,1019.42
23.69,1019.44
23.65,1019.44
23.69,1019.46
23.66,1019.46
23.67,1019.48
23.65,1019.5
23.63,1019.52
23.62,1019.54
23.63,1019.53
23.64,1019.55
23.66,1019.55
23.7,1019.55
23.7,1019.55
23.65,1019.55
23.65,1019.55
23.68,1019.55
23.81,1019.57
23.9,1019.59
23.91,1019.59
23.93,1019.61
23.99,1019.63
24.01,1019.65
23.98,1019.67
23.99,1019.69
24.04,1019.71
24.05,1019.71
24.04,1019.73
24.06,1019.75
24.12,1019.75
24.13,1019.75
24.17,1019.75
24.21,1019.77
24.25,1019.76
24.32,1019.78
24.3,1019.78
24.31,1019.8
24.34,1019.8
24.38,1019.82
24.37,1019.82
24.36,1019.84
24.31,1019.86
24.31,1019.86
24.29,1019.86
24.36,1019.88
24.42,1019.88
24.38,1019.9
24.35,1019.9
24.28,1019.9
24.29,1019.9
24.27,1019.92
24.25,1019.92
24.23,1019.94
24.24,1019.96
24.22,1019.96
24.22,1019.98
24.22,1020
24.22,1020.02
24.23,1020.01
24.27,1020.01
24.3,1020.01
24.34,1020.01
24.36,1020.01
24.36,1020.03
24.38,1020.05
24.42,1020.05
24.43,1020.07
24.43,1020.07
24.43,1020.07
24.42,1020.07
24.4,1020.09
24.4,1020.09
24.38,1020.09
24.36,1020.09
24.35,1020.11
24.33,1020.13
24.33,1020.15
24.33,1020.17
24.29,1020.17
24.26,1020.19
24.22,1020.19
24.22,1020.21
24.23,1020.21
24.26,1020.23
24.27,1020.23
24.25,1020.25
24.28,1020.25
24.27,1020.27
24.29,1020.26
24.31,1020.26
24.3,1020.26
24.3,1020.26
24.31,1020.26
24.33,1020.26
24.32,1020.26
24.39,1020.28
24.4,1020.3
24.43,1020.3
24.42,1020.32
24.41,1020.31
24.42,1020.3
24.44,1020.3
24.43,1020.3
24.44,1020.3
24.43,1020.32
24.46,1020.34
24.45,1020.34
24.43,1020.36
24.4,1020.35
24.43,1020.37
24.47,1020.37
24.5,1020.39
24.52,1020.38
24.5,1020.38
24.5,1020.4
24.49,1020.39
24.49,1020.38
24.5,1020.38
24.52,1020.38
24.54,1020.4
24.5,1020.39
24.48,1020.41
24.46,1020.41
24.5,1020.41
24.48,1020.41
24.47,1020.41
24.47,1020.43
24.47,1020.43
24.45,1020.45
24.44,1020.45
24.45,1020.47
24.43,1020.49
24.44,1020.49
24.52,1020.51
24.56,1020.51
24.51,1020.51
24.4,1020.53
24.4,1020.52
24.38,1020.54
24.32,1020.54
24.34,1020.56
24.33,1020.55
24.37,1020.57
24.4,1020.59
24.41,1020.59
24.44,1020.61
24.44,1020.63
24.44,1020.65
24.44,1020.67
24.45,1020.67
24.45,1020.67
24.45,1020.69
24.48,1020.71
24.52,1020.73
24.53,1020.72
24.54,1020.72
24.51,1020.72
24.54,1020.72
24.59,1020.74
24.63,1020.74
24.62,1020.76
24.54,1020.76
24.5,1020.76
24.52,1020.76
24.52,1020.78
24.48,1020.77
24.49,1020.76
24.5,1020.76
24.48,1020.78
24.5,1020.77
24.51,1020.76
24.47,1020.78
24.47,1020.77
24.46,1020.76
24.5,1020.76
24.54,1020.78
24.48,1020.77
24.48,1020.76
24.48,1020.76
24.52,1020.78
24.52,1020.77
24.54,1020.79
24.57,1020.81
24.59,1020.83
24.62,1020.85
24.64,1020.84
24.65,1020.86
24.66,1020.85
24.7,1020.84
24.69,1020.84
24.72,1020.86
24.74,1020.85
24.76,1020.84
24.76,1020.84
24.78,1020.84
24.83,1020.84
24.8,1020.84
24.77,1020.86
24.77,1020.88
24.75,1020.88
24.72,1020.88
24.7,1020.88
24.65,1020.9
24.63,1020.89
24.62,1020.88
24.6,1020.9
24.59,1020.92
24.54,1020.94
24.53,1020.96
24.51,1020.96
24.5,1020.98
24.47,1021
24.47,1021
24.43,1021.02
24.44,1021.04
24.41,1021.06
24.44,1021.08
24.42,1021.08
24.41,1021.08
24.48,1021.1
24.5,1021.09
24.48,1021.09
24.5,1021.09
24.47,1021.11
24.51,1021.1
24.51,1021.12
24.51,1021.12
24.52,1021.14
24.52,1021.14
24.54,1021.14
24.54,1021.14
24.53,1021.14
24.53,1021.16
24.51,1021.18
24.49,1021.18
24.48,1021.2
24.5,1021.2
24.51,1021.22
24.52,1021.24
24.52,1021.24
24.51,1021.26
24.49,1021.28
24.54,1021.27
24.54,1021.29
24.55,1021.29
24.55,1021.31
24.54,1021.3
24.54,1021.32
24.58,1021.31
24.57,1021.3
24.57,1021.32
24.59,1021.31
24.59,1021.3
24.61,1021.32
24.6,1021.34
24.59,1021.36
24.59,1021.38
24.59,1021.4
24.59,1021.39
24.61,1021.41
24.6,1021.41
24.59,1021.43
24.62,1021.43
24.62,1021.45
24.62,1021.47
24.62,1021.49
24.62,1021.49
24.64,1021.49
24.63,1021.49
24.63,1021.49
24.63,1021.49
24.62,1021.49
24.6,1021.49
24.6,1021.51
24.59,1021.51
24.57,1021.53
24.58,1021.55
24.58,1021.57
24.6,1021.59
24.6,1021.61
24.61,1021.63
24.6,1021.63
24.6,1021.65
24.59,1021.64
24.57,1021.64
24.59,1021.66
24.6,1021.66
24.62,1021.66
24.61,1021.68
24.61,1021.7
24.62,1021.7
24.62,1021.7
24.6,1021.7
24.6,1021.72
24.59,1021.74
24.6,1021.74
24.63,1021.76
24.62,1021.76
24.63,1021.76
24.61,1021.76
24.62,1021.76
24.63,1021.76
24.63,1021.76
24.63,1021.76
24.66,1021.76
24.64,1021.78
24.63,1021.8
24.63,1021.8
24.63,1021.82
24.65,1021.84
24.65,1021.86
24.67,1021.85
24.69,1021.87
24.6,1021.89
24.58,1021.91
24.56,1021.93
24.52,1021.95
24.53,1021.97
24.53,1021.97
24.5,1021.97
24.47,1021.99
24.38,1021.99
24.32,1021.99
24.26,1022.01
24.29,1022.03
24.28,1022.05
24.29,1022.07
24.25,1022.06
24.22,1022.05
24.18,1022.05
24.19,1022.05
24.16,1022.07
24.17,1022.09
24.16,1022.11
24.1,1022.1
24.1,1022.09
24.11,1022.09
24.1,1022.09
24.08,1022.11
24.03,1022.1
24.05,1022.12
24.05,1022.12
24.05,1022.12
24.02,1022.14
24,1022.16
23.99,1022.18
24.02,1022.2
24,1022.2
23.97,1022.22
24.01,1022.24
23.98,1022.24
23.98,1022.24
23.99,1022.26
23.97,1022.26
23.97,1022.26
23.96,1022.28
23.98,1022.27
23.99,1022.26
23.99,1022.26
23.97,1022.26
23.93,1022.26
23.93,1022.28
23.93,1022.3
23.92,1022.32
23.93,1022.31
23.88,1022.33
23.88,1022.33
23.88,1022.35
23.89,1022.37
23.89,1022.37
23.87,1022.39
23.82,1022.41
23.83,1022.41
23.83,1022.43
23.78,1022.43
23.77,1022.43
23.8,1022.45
23.81,1022.47
23.84,1022.47
23.85,1022.49
23.83,1022.51
23.82,1022.51
23.85,1022.53
23.85,1022.52
23.82,1022.51
23.83,1022.53
23.83,1022.52
23.84,1022.54
23.83,1022.54
23.82,1022.54
23.79,1022.54
23.81,1022.56
23.79,1022.58
23.78,1022.58
23.78,1022.58
23.79,1022.58
23.76,1022.6
23.8,1022.62
23.78,1022.62
23.78,1022.64
23.76,1022.64
23.76,1022.64
23.78,1022.64
23.75,1022.64
23.77,1022.64
23.77,1022.64
23.76,1022.64
23.78,1022.66
23.75,1022.68
23.77,1022.68
23.77,1022.7
23.75,1022.7
23.76,1022.72
23.76,1022.74
23.76,1022.76
23.75,1022.78
23.74,1022.8
23.74,1022.8
23.7,1022.8
23.66,1022.8
23.68,1022.82
23.63,1022.84
23.66,1022.84
23.68,1022.84
23.71,1022.86
23.71,1022.88
23.72,1022.88
23.71,1022.9
23.72,1022.92
23.7,1022.92
23.69,1022.92
23.7,1022.94
23.64,1022.93
23.69,1022.93
23.68,1022.95
23.67,1022.95
23.69,1022.95
23.72,1022.97
23.75,1022.99
23.73,1023.01
23.72,1023.03
23.71,1023.05
23.72,1023.05
23.68,1023.07
23.69,1023.06
23.69,1023.05
23.71,1023.07
23.69,1023.09
23.7,1023.09
23.68,1023.11
23.72,1023.1
23.71,1023.12
23.7,1023.14
23.74,1023.16
23.68,1023.18
23.69,1023.2
23.7,1023.2
23.71,1023.22
23.71,1023.22
23.68,1023.24
23.74,1023.26
23.76,1023.28
23.74,1023.27
23.75,1023.26
23.75,1023.26
23.77,1023.26
23.76,1023.26
23.74,1023.28
23.73,1023.27
23.72,1023.26
23.73,1023.28
23.75,1023.3
23.74,1023.32
23.71,1023.34
23.74,1023.34
23.73,1023.34
23.74,1023.34
23.74,1023.36
23.75,1023.35
23.79,1023.34
23.83,1023.34
23.85,1023.36
23.86,1023.35
23.86,1023.37
23.9,1023.37
23.87,1023.39
23.9,1023.38
23.89,1023.4
23.94,1023.42
23.94,1023.44
23.95,1023.46
23.94,1023.48
23.96,1023.5
23.96,1023.52
23.95,1023.51
23.97,1023.53
23.98,1023.55
23.97,1023.55
24.01,1023.55
24,1023.57
24.01,1023.56
24,1023.55
24.02,1023.55
24.04,1023.57
24.03,1023.59
24.05,1023.61
24.06,1023.63
24.05,1023.63
24.09,1023.65
24.09,1023.67
24.1,1023.69
24.11,1023.68
24.11,1023.68
24.08,1023.68
24.11,1023.68
24.12,1023.7
24.12,1023.72
24.14,1023.74
24.16,1023.74
24.17,1023.74
24.21,1023.74
24.12,1023.76
23.95,1023.76
23.84,1023.78
23.81,1023.77
23.92,1023.76
23.98,1023.76
24,1023.78
23.96,1023.8
23.83,1023.82
23.79,1023.84
23.78,1023.86
23.75,1023.88
23.75,1023.88
23.75,1023.9
23.74,1023.89
23.76,1023.91
23.79,1023.93
23.82,1023.93
23.83,1023.93
23.81,1023.93
23.83,1023.93
23.84,1023.93
23.84,1023.93
23.8,1023.93
23.77,1023.93
23.77,1023.95
23.75,1023.95
23.68,1023.95
23.64,1023.97
23.64,1023.97
23.68,1023.99
23.69,1023.99
23.76,1023.99
23.77,1024.01
23.76,1024.01
23.79,1024.03
23.82,1024.05
23.85,1024.07
23.81,1024.09
23.77,1024.11
23.77,1024.13
23.77,1024.13
23.78,1024.13
23.8,1024.13
23.78,1024.13
23.78,1024.15
23.76,1024.14
23.77,1024.14
23.77,1024.14
23.76,1024.14
23.77,1024.16
23.72,1024.16
23.73,1024.16
23.64,1024.18
23.41,1024.18
23.49,1024.18
23.43,1024.2
23.44,1024.22
23.55,1024.24
23.7,1024.24
23.7,1024.26
23.71,1024.26
23.64,1024.26
23.65,1024.28
23.67,1024.3
23.6,1024.29
23.41,1024.28
23.4,1024.3
23.33,1024.32
23.51,1024.31
23.56,1024.3
23.54,1024.29
23.68,1024.31
23.83,1024.3
23.84,1024.29
23.8,1024.31
23.84,1024.33
23.91,1024.35
23.9,1024.34
23.88,1024.33
23.82,1024.35
23.78,1024.34
23.77,1024.33
23.77,1024.32
23.75,1024.34
23.81,1024.36
23.83,1024.35
23.86,1024.37
23.89,1024.39
23.9,1024.38
23.85,1024.4
23.93,1024.39
23.94,1024.38
23.95,1024.37
24.04,1024.36
24.1,1024.38
24.06,1024.37
24.08,1024.36
24.09,1024.38
24.09,1024.4
24.07,1024.42
24.05,1024.44
24,1024.43
23.97,1024.42
23.99,1024.44
23.91,1024.46
23.93,1024.48
23.87,1024.47
23.95,1024.49
24.03,1024.51
24.02,1024.53
24.02,1024.52
24.01,1024.51
23.95,1024.53
23.99,1024.52
24.03,1024.54
24.03,1024.53
24.02,1024.55
24.05,1024.54
24.09,1024.56
24.02,1024.55
24.05,1024.54
24.05,1024.53
24.08,1024.52
24.08,1024.54
24.14,1024.53
24.16,1024.52
24.2,1024.54
24.23,1024.53
24.27,1024.52
24.22,1024.54
24.21,1024.56
24.22,1024.55
24.23,1024.57
24.22,1024.56
24.27,1024.55
24.29,1024.57
24.22,1024.56
24.27,1024.55
24.27,1024.57
24.26,1024.56
24.25,1024.58
24.27,1024.6
24.31,1024.62
24.24,1024.61
24.26,1024.6
24.2,1024.62
24.22,1024.61
24.27,1024.63
24.23,1024.62
24.23,1024.64
24.22,1024.66
24.22,1024.68
24.25,1024.67
24.24,1024.66
24.22,1024.65
24.27,1024.64
24.3,1024.64
24.26,1024.66
24.1,1024.68
24.09,1024.67
24.16,1024.69
24.22,1024.68
24.25,1024.67
24.25,1024.69
24.26,1024.68
24.27,1024.67
24.25,1024.69
24.19,1024.68
24.15,1024.7
24.15,1024.72
24.2,1024.74
24.2,1024.73
24.13,1024.75
24.23,1024.77
24.25,1024.79
24.21,1024.78
24.17,1024.77
24.21,1024.76
24.2,1024.75
24.25,1024.77
24.27,1024.79
24.26,1024.81
24.25,1024.83
24.24,1024.82
24.18,1024.84
24.17,1024.83
24.17,1024.82
24.17,1024.81
24.1,1024.83
24.01,1024.85
24.09,1024.87
24.14,1024.89
24.13,1024.91
24.17,1024.9
24.19,1024.89
24.16,1024.88
24.1,1024.87
24.15,1024.86
24.15,1024.88
24.18,1024.87
24.16,1024.89
24.2,1024.91
24.18,1024.9
24.13,1024.92
24.07,1024.91
24.13,1024.9
24.02,1024.89
24.06,1024.91
24.04,1024.9
24,1024.92
23.88,1024.94
23.77,1024.93
23.71,1024.92
23.72,1024.91
23.77,1024.9
23.79,1024.89
23.75,1024.91
23.8,1024.93
23.9,1024.92
23.84,1024.94
23.81,1024.93
23.76,1024.95
23.76,1024.97
23.74,1024.97
23.74,1024.99
23.78,1025.01
23.75,1025.03
23.83,1025.05
23.8,1025.04
23.71,1025.06
23.73,1025.05
23.74,1025.07
23.66,1025.09
23.6,1025.08
23.65,1025.1
23.59,1025.09
23.7,1025.08
23.62,1025.07
23.63,1025.06
23.46,1025.05
23.55,1025.07
23.55,1025.06
23.61,1025.05
23.53,1025.04
23.48,1025.03
23.6,1025.05
23.64,1025.04
23.7,1025.06
23.63,1025.08
23.61,1025.1
23.52,1025.09
23.51,1025.08
23.55,1025.07
23.49,1025.09
23.6,1025.08
23.53,1025.1
23.53,1025.09
23.39,1025.11
23.47,1025.1
23.26,1025.12
23.2,1025.14
23.22,1025.16
23.14,1025.15
23.38,1025.17
23.53,1025.16
23.43,1025.18
23.45,1025.17
23.53,1025.19
23.34,1025.18
23.41,1025.2
23.48,1025.19
23.39,1025.21
23.31,1025.23
23.34,1025.22
23.32,1025.24
23.36,1025.23
23.53,1025.25
23.57,1025.27
23.54,1025.29
23.48,1025.31
23.5,1025.3
23.79,1025.32
23.59,1025.34
23.62,1025.36
23.58,1025.38
23.51,1025.4
23.52,1025.42
23.33,1025.41
23.42,1025.43
23.41,1025.42
23.43,1025.44
23.53,1025.43
23.54,1025.42
23.46,1025.41
23.4,1025.43
23.21,1025.45
23.26,1025.47
23.25,1025.49
23.29,1025.51
23.36,1025.5
23.2,1025.49
23.26,1025.51
23.3,1025.53
23.28,1025.55
23.32,1025.54
23.37,1025.56
23.36,1025.55
23.26,1025.57
23.23,1025.59
23.22,1025.58
23.21,1025.57
23.23,1025.56
23.18,1025.55
23.09,1025.54
23.14,1025.53
23.14,1025.52
23.16,1025.51
23.14,1025.5
23.16,1025.52
23.18,1025.54
23,1025.56
23.16,1025.58
23.13,1025.6
23.16,1025.59
23.02,1025.58
23.09,1025.57
22.94,1025.56
22.94,1025.58
22.96,1025.6
22.93,1025.59
22.91,1025.61
22.98,1025.63
23,1025.62
23.06,1025.64
23.13,1025.64
23.17,1025.64
23.24,1025.64
23.12,1025.64
23.04,1025.66
22.95,1025.65
22.94,1025.67
22.9,1025.69
22.78,1025.71
22.73,1025.7
22.74,1025.72
22.75,1025.72
22.74,1025.72
22.78,1025.74
22.93,1025.73
22.86,1025.75
22.94,1025.77
22.74,1025.76
22.82,1025.78
22.8,1025.8
22.84,1025.79
22.74,1025.78
22.68,1025.77
22.65,1025.76
22.77,1025.78
22.72,1025.77
22.76,1025.79
22.76,1025.81
22.76,1025.83
22.68,1025.85
22.69,1025.84
22.77,1025.83
22.75,1025.85
22.7,1025.87
22.72,1025.86
22.72,1025.85
22.68,1025.87
22.76,1025.89
22.8,1025.91
22.79,1025.93
22.83,1025.92
22.89,1025.91
22.84,1025.9
22.81,1025.92
22.77,1025.91
22.84,1025.9
22.89,1025.89
22.76,1025.88
22.77,1025.87
22.68,1025.89
22.61,1025.91
22.57,1025.9
22.58,1025.89
22.56,1025.91
22.61,1025.9
22.6,1025.92
22.59,1025.94
22.57,1025.93
22.51,1025.95
22.47,1025.94
22.42,1025.96
22.55,1025.98
22.6,1026
22.59,1026.02
22.56,1026.01
22.57,1026
22.62,1026.02
22.61,1026.04
22.64,1026.06
22.51,1026.05
22.47,1026.07
22.43,1026.06
22.49,1026.08
22.49,1026.07
22.52,1026.06
22.55,1026.08
22.57,1026.1
22.6,1026.09
22.62,1026.08
22.59,1026.07
22.52,1026.09
22.49,1026.08
22.46,1026.07
22.4,1026.09
22.31,1026.11
22.32,1026.1
22.38,1026.09
22.37,1026.08
22.42,1026.07
22.42,1026.09
22.48,1026.08
22.54,1026.1
22.46,1026.12
22.38,1026.14
22.4,1026.14
22.4,1026.14
22.36,1026.14
22.3,1026.16
22.36,1026.18
22.28,1026.17
22.37,1026.19
22.51,1026.18
22.49,1026.17
22.53,1026.19
22.53,1026.21
22.54,1026.2
22.54,1026.19
22.57,1026.18
22.62,1026.17
22.61,1026.19
22.6,1026.18
22.55,1026.2
22.59,1026.22
22.68,1026.22
22.7,1026.24
22.79,1026.26
22.71,1026.28
22.66,1026.3
22.69,1026.29
22.65,1026.28
22.71,1026.3
22.56,1026.29
22.64,1026.28
22.7,1026.27
22.78,1026.29
22.66,1026.31
22.71,1026.3
22.66,1026.29
22.51,1026.28
22.66,1026.27
22.69,1026.29
22.71,1026.28
22.83,1026.3
22.74,1026.29
22.85,1026.28
22.92,1026.27
23.02,1026.29
22.96,1026.28
23.08,1026.27
23.09,1026.26
23.14,1026.25
23.24,1026.24
23.07,1026.26
23.07,1026.28
23.19,1026.3
23.19,1026.29
23.24,1026.31
23.31,1026.3
23.3,1026.29
23.33,1026.31
23.44,1026.3
23.48,1026.29
23.51,1026.31
23.53,1026.33
23.51,1026.32
23.51,1026.34
23.48,1026.36
23.53,1026.38
23.54,1026.37
23.54,1026.36
23.51,1026.35
23.47,1026.34
23.43,1026.36
23.44,1026.38
23.41,1026.37
23.4,1026.36
23.36,1026.38
23.35,1026.37
23.31,1026.36
23.32,1026.38
23.31,1026.37
23.34,1026.39
23.31,1026.41
23.26,1026.43
23.29,1026.42
23.34,1026.44
23.3,1026.46
23.36,1026.48
23.31,1026.5
23.33,1026.49
23.34,1026.51
23.34,1026.5
23.37,1026.49
23.4,1026.51
23.42,1026.5
23.42,1026.49
23.47,1026.51
22.84,1026.53
22.89,1026.52
22.91,1026.51
22.97,1026.5
23.04,1026.52
23.11,1026.54
23.14,1026.56
23.14,1026.55
23.13,1026.57
23.18,1026.59
23.16,1026.58
23.21,1026.57
23.23,1026.59
23.26,1026.61
23.3,1026.6
23.33,1026.59
23.34,1026.58
23.35,1026.6
23.42,1026.59
23.41,1026.58
23.45,1026.6
23.42,1026.62
23.42,1026.64
23.39,1026.64
23.41,1026.64
23.45,1026.66
23.5,1026.68
23.5,1026.7
23.51,1026.69
23.51,1026.68
23.52,1026.67
23.49,1026.66
23.46,1026.65
23.45,1026.67
23.41,1026.66
23.37,1026.68
23.38,1026.67
23.43,1026.66
23.47,1026.65
23.48,1026.64
23.48,1026.64
23.43,1026.66
23.42,1026.65
23.43,1026.67
23.4,1026.69
23.46,1026.71
23.48,1026.7
23.51,1026.69
23.49,1026.68
23.51,1026.7
23.51,1026.69
23.5,1026.68
23.52,1026.7
23.53,1026.69
23.56,1026.68
23.57,1026.67
23.54,1026.66
23.49,1026.65
23.52,1026.64
23.5,1026.64
23.58,1026.66
23.59,1026.68
23.64,1026.7
23.57,1026.72
23.59,1026.72
23.58,1026.74
23.53,1026.76
23.51,1026.75
23.56,1026.77
23.61,1026.76
23.67,1026.75
23.71,1026.77
23.72,1026.79
23.72,1026.81
23.77,1026.83
23.83,1026.85
23.88,1026.84
23.85,1026.83
23.9,1026.85
23.8,1026.84
23.77,1026.83
23.78,1026.85
23.82,1026.87
23.77,1026.89
23.74,1026.88
23.71,1026.9
23.72,1026.89
23.66,1026.91
23.64,1026.9
23.6,1026.92
23.62,1026.94
23.6,1026.93
23.6,1026.95
23.6,1026.94
23.62,1026.96
23.59,1026.98
23.59,1026.97
23.63,1026.99
23.61,1026.98
23.61,1027
23.6,1027.02
23.7,1027.04
23.74,1027.06
23.68,1027.08
23.66,1027.07
23.6,1027.09
23.66,1027.11
23.6,1027.1
23.6,1027.12
23.56,1027.11
23.64,1027.1
23.59,1027.12
23.6,1027.14
23.56,1027.16
23.59,1027.18
23.54,1027.15
23.51,1027.17
23.54,1027.19
23.51,1027.21
23.56,1027.23
23.59,1027.25
23.65,1027.24
23.6,1027.23
23.63,1027.22
23.72,1027.21
23.73,1027.23
23.66,1027.25
23.68,1027.27
23.61,1027.29
23.62,1027.28
23.62,1027.3
23.57,1027.32
23.64,1027.34
23.6,1027.36
23.59,1027.35
23.55,1027.34
23.65,1027.36
23.56,1027.35
23.66,1027.37
23.67,1027.39
23.7,1027.41
23.7,1027.4
23.62,1027.42
23.65,1027.44
23.62,1027.43
23.61,1027.42
23.56,1027.41
23.56,1027.4
23.54,1027.42
23.6,1027.41
23.61,1027.43
23.55,1027.42
23.64,1027.41
23.85,1027.43
23.85,1027.45
23.8,1027.44
23.78,1027.43
23.85,1027.45
23.92,1027.47
23.98,1027.46
23.93,1027.45
23.87,1027.44
23.8,1027.43
23.73,1027.45
23.71,1027.44
23.72,1027.43
23.65,1027.45
23.69,1027.47
23.7,1027.46
23.69,1027.45
23.73,1027.47
23.78,1027.46
23.82,1027.45
23.85,1027.47
23.92,1027.49
23.95,1027.51
23.91,1027.53
23.92,1027.52
23.91,1027.54
23.91,1027.56
23.85,1027.55
23.81,1027.54
23.79,1027.53
23.77,1027.52
23.8,1027.54
23.84,1027.56
23.89,1027.58
23.91,1027.57
23.98,1027.59
23.94,1027.61
23.94,1027.6
23.89,1027.59
23.89,1027.61
23.9,1027.63
23.81,1027.65
23.75,1027.67
23.73,1027.66
23.74,1027.68
23.77,1027.7
23.79,1027.72
23.82,1027.71
23.81,1027.73
23.81,1027.72
23.72,1027.71
23.62,1027.73
23.62,1027.72
23.63,1027.74
23.59,1027.73
23.62,1027.72
23.64,1027.74
23.65,1027.73
23.64,1027.72
23.66,1027.74
23.7,1027.73
23.73,1027.72
23.69,1027.74
23.7,1027.76
23.73,1027.75
23.82,1027.74
23.76,1027.73
23.74,1027.75
23.81,1027.74
23.81,1027.76
23.78,1027.78
23.75,1027.77
23.67,1027.79
23.7,1027.78
23.71,1027.77
23.75,1027.79
23.78,1027.78
23.77,1027.77
23.72,1027.76
23.78,1027.75
23.83,1027.77
23.83,1027.76
23.81,1027.75
23.73,1027.77
23.78,1027.79
23.8,1027.78
23.82,1027.8
23.82,1027.79
23.78,1027.78
23.75,1027.77
23.78,1027.79
23.81,1027.78
23.84,1027.8
23.82,1027.82
23.78,1027.81
23.77,1027.8
23.8,1027.82
23.82,1027.81
23.74,1027.8
23.76,1027.82
23.75,1027.81
23.73,1027.8
23.79,1027.82
23.82,1027.84
23.79,1027.86
23.75,1027.85
23.74,1027.84
23.7,1027.86
23.74,1027.85
23.66,1027.84
23.69,1027.86
23.68,1027.88
23.61,1027.87
23.68,1027.86
23.67,1027.88
23.74,1027.9
23.67,1027.92
23.68,1027.94
23.66,1027.96
23.7,1027.98
23.64,1028
23.65,1027.99
23.72,1028.01
23.7,1028.03
23.83,1028.02
23.78,1028.04
23.81,1028.03
23.85,1028.02
23.83,1028.04
23.85,1028.03
23.9,1028.02
23.94,1028.01
23.86,1028.03
23.82,1028.05
23.82,1028.07
23.8,1028.06
23.83,1028.08
23.82,1028.07
23.77,1028.06
23.77,1028.05
23.77,1028.07
23.85,1028.09
23.87,1028.08
23.81,1028.07
23.74,1028.06
23.69,1028.05
23.72,1028.04
23.77,1028.03
23.75,1028.02
23.69,1028.01
23.73,1028.03
23.74,1028.02
23.69,1028.04
23.67,1028.03
23.64,1028.05
23.59,1028.04
23.58,1028.06
23.56,1028.05
23.56,1028.04
23.51,1028.06
23.46,1028.05
23.44,1028.04
23.4,1028.03
23.37,1028.05
23.34,1028.04
23.29,1028.06
23.29,1028.05
23.25,1028.04
23.26,1028.06
23.25,1028.08
23.26,1028.1
23.28,1028.09
23.28,1028.08
23.29,1028.1
23.32,1028.12
23.28,1028.11
23.25,1028.1
23.21,1028.12
23.21,1028.14
23.18,1028.16
23.16,1028.15
23.15,1028.17
23.12,1028.19
23.12,1028.18
23.07,1028.2
23.08,1028.19
23.1,1028.21
23.08,1028.23
23.05,1028.25
22.97,1028.27
23,1028.29
23,1028.28
22.97,1028.27
22.98,1028.29
22.94,1028.31
22.95,1028.33
22.92,1028.32
22.84,1028.31
22.84,1028.33
22.84,1028.35
22.83,1028.34
22.83,1028.33
22.81,1028.35
22.86,1028.34
22.83,1028.33
22.85,1028.35
22.85,1028.37
22.86,1028.39
22.79,1028.38
22.81,1028.37
22.76,1028.39
22.8,1028.41
22.77,1028.43
22.77,1028.45
22.76,1028.44
22.72,1028.46
22.71,1028.48
22.69,1028.47
22.7,1028.46
22.63,1028.45
22.61,1028.47
22.58,1028.46
22.61,1028.48
22.6,1028.5
22.64,1028.52
22.63,1028.51
22.69,1028.5
22.66,1028.49
22.64,1028.48
22.63,1028.47
22.61,1028.46
22.6,1028.45
22.58,1028.47
22.47,1028.46
22.55,1028.48
22.56,1028.47
22.59,1028.46
22.58,1028.48
22.57,1028.5
22.58,1028.52
22.56,1028.54
22.52,1028.53
22.55,1028.55
22.57,1028.54
22.57,1028.56
22.55,1028.58
22.51,1028.57
22.46,1028.59
22.41,1028.58
22.4,1028.6
22.39,1028.62
22.35,1028.61
22.38,1028.63
22.37,1028.62
22.39,1028.61
22.37,1028.6
22.37,1028.59
22.37,1028.58
22.35,1028.6
22.35,1028.59
22.38,1028.61
22.35,1028.63
22.35,1028.62
22.32,1028.64
22.3,1028.63
22.28,1028.65
22.29,1028.67
22.27,1028.69
22.26,1028.71
22.23,1028.73
22.22,1028.72
22.28,1028.74
22.25,1028.76
22.25,1028.75
22.3,1028.77
22.31,1028.76
22.28,1028.75
22.27,1028.74
22.26,1028.76
22.27,1028.78
22.31,1028.8
22.28,1028.82
22.3,1028.84
22.33,1028.86
22.33,1028.85
22.31,1028.84
22.32,1028.86
22.31,1028.88
22.32,1028.87
22.33,1028.89
22.35,1028.91
22.33,1028.9
22.31,1028.89
22.32,1028.91
22.35,1028.93
22.38,1028.92
22.39,1028.91
22.4,1028.9
22.38,1028.89
22.34,1028.88
22.37,1028.87
22.36,1028.86
22.37,1028.85
22.4,1028.87
22.41,1028.89
22.44,1028.91
22.46,1028.9
22.41,1028.92
22.4,1028.94
22.4,1028.93
22.39,1028.92
22.4,1028.91
22.45,1028.9
22.47,1028.92
22.47,1028.94
22.47,1028.93
22.43,1028.95
22.4,1028.94
22.42,1028.93
22.45,1028.92
22.5,1028.94
22.54,1028.96
22.58,1028.98
22.59,1028.97
22.59,1028.99
22.61,1028.98
22.6,1029
22.59,1028.99
22.57,1029.01
22.56,1029.03
22.58,1029.05
22.65,1029.04
22.69,1029.06
22.74,1029.08
22.77,1029.07
22.82,1029.06
22.7,1029.05
22.66,1029.04
22.7,1029.03
22.79,1029.02
22.85,1029.01
22.93,1029
22.95,1028.99
22.8,1029.01
22.97,1029
23.01,1028.99
23.04,1029.01
23.07,1029
23.09,1029.02
23.04,1029.04
23.17,1029.06
23.04,1029.05
22.77,1029.07
22.79,1029.09
22.96,1029.08
22.99,1029.1
23.07,1029.12
23.11,1029.11
23.06,1029.13
22.85,1029.12
22.79,1029.11
22.81,1029.1
22.82,1029.12
22.74,1029.11
22.74,1029.13
22.76,1029.12
23.01,1029.14
23.04,1029.13
22.9,1029.15
22.84,1029.14
22.86,1029.16
23,1029.15
22.91,1029.17
22.89,1029.19
23.15,1029.21
23.15,1029.2
23.16,1029.22
23.21,1029.21
23.28,1029.2
23.12,1029.22
23.16,1029.24
23.29,1029.23
23.24,1029.25
23.08,1029.24
23.24,1029.23
23.34,1029.25
23.17,1029.24
23.25,1029.26
23.22,1029.28
23.03,1029.3
23.21,1029.29
23.19,1029.28
23,1029.3
23.02,1029.29
23.04,1029.31
23.04,1029.33
23.01,1029.32
23.19,1029.34
23.28,1029.33
23.45,1029.32
23.5,1029.34
23.45,1029.36
23.45,1029.38
23.39,1029.37
23.34,1029.36
23.48,1029.38
23.38,1029.4
23.41,1029.39
23.28,1029.41
23.38,1029.4
23.42,1029.42
23.45,1029.44
23.45,1029.46
23.43,1029.45
23.44,1029.44
23.4,1029.43
23.59,1029.42
23.53,1029.44
23.64,1029.46
23.55,1029.48
23.64,1029.47
23.58,1029.46
23.62,1029.48
23.48,1029.5
23.44,1029.52
23.48,1029.54
23.55,1029.56
23.52,1029.55
23.59,1029.57
23.64,1029.56
23.69,1029.58
23.47,1029.57
23.51,1029.59
23.47,1029.58
23.54,1029.57
23.31,1029.59
23.28,1029.61
23.28,1029.6
23.41,1029.59
23.31,1029.58
23.58,1029.57
23.6,1029.56
23.61,1029.55
23.61,1029.57
23.49,1029.56
23.62,1029.58
23.56,1029.57
23.49,1029.59
23.56,1029.58
23.52,1029.6
23.6,1029.59
23.79,1029.58
23.64,1029.57
23.85,1029.56
23.86,1029.55
23.83,1029.54
23.86,1029.53
23.85,1029.55
23.83,1029.57
23.82,1029.59
23.97,1029.58
24.01,1029.6
24.1,1029.62
23.95,1029.64
23.94,1029.63
24.18,1029.62
23.96,1029.61
24.05,1029.6
23.93,1029.62
24.09,1029.64
24.27,1029.66
24.33,1029.68
24.27,1029.7
24.29,1029.72
24.39,1029.74
24.49,1029.76
24.47,1029.78
24.47,1029.8
24.5,1029.82
24.52,1029.81
24.58,1029.83
24.62,1029.85
24.43,1029.87
24.37,1029.89
24.42,1029.91
24.46,1029.93
24.41,1029.95
24.38,1029.97
24.44,1029.99
24.54,1030.01
24.52,1030
24.57,1030.02
24.65,1030.01
24.6,1030.03
24.66,1030.02
24.62,1030.01
24.68,1030
24.71,1030.02
24.8,1030.01
24.8,1030
24.87,1029.99
24.83,1030.01
24.87,1030
24.99,1030.02
24.85,1030.04
24.97,1030.06
25.09,1030.08
25.06,1030.1
25.09,1030.12
25.1,1030.14
25.13,1030.16
24.92,1030.18
24.97,1030.2
24.97,1030.22
24.88,1030.24
24.92,1030.26
24.86,1030.25
24.97,1030.27
24.63,1030.29
24.74,1030.31
25.01,1030.33
25.1,1030.35
25.14,1030.37
25.18,1030.39
25.23,1030.38
25.19,1030.4
25.17,1030.42
25.2,1030.44
25.28,1030.43
25.19,1030.45
25.23,1030.44
25.26,1030.46
25.37,1030.48
25.25,1030.47
25.2,1030.46
25.2,1030.48
25.17,1030.47
25.07,1030.46
25.14,1030.48
24.91,1030.5
24.89,1030.52
25.08,1030.51
25.05,1030.5
25.22,1030.52
25.18,1030.51
25.19,1030.53
24.8,1030.55
24.72,1030.57
24.54,1030.56
24.33,1030.58
24.38,1030.57
24.55,1030.59
24.03,1030.58
24.03,1030.57
24.36,1030.59
24.68,1030.58
24.86,1030.6
24.9,1030.62
24.42,1030.61
24.46,1030.6
24.55,1030.59
24.42,1030.61
24.48,1030.63
24.39,1030.65
24.1,1030.64
24.01,1030.63
23.86,1030.62
24,1030.61
24.25,1030.63
24.31,1030.62
24.07,1030.61
24.08,1030.6
24.1,1030.62
24.18,1030.61
23.92,1030.6
23.8,1030.62
24.17,1030.64
24.23,1030.66
24.02,1030.68
24.04,1030.67
24.12,1030.66
24,1030.65
24.05,1030.64
24.06,1030.66
24.16,1030.68
24.48,1030.67
24.71,1030.66
24.77,1030.68
24.36,1030.7
24.52,1030.69
24.52,1030.68
24.36,1030.7
24.65,1030.72
24.65,1030.71
24.69,1030.73
24.77,1030.75
24.79,1030.74
24.59,1030.73
24.57,1030.75
24.42,1030.74
24.35,1030.73
24.28,1030.75
24.3,1030.74
23.99,1030.76
23.88,1030.78
23.8,1030.77
23.88,1030.79
23.76,1030.81
23.86,1030.8
23.88,1030.79
23.92,1030.78
23.91,1030.77
23.83,1030.79
23.85,1030.78
23.81,1030.77
24.06,1030.79
24.26,1030.78
24.21,1030.8
24.29,1030.79
24.24,1030.81
24.17,1030.8
24.24,1030.82
24.34,1030.81
24.12,1030.83
24.18,1030.82
24.38,1030.84
24.47,1030.83
24.54,1030.85
24.48,1030.84
24.46,1030.83
24.23,1030.85
24.13,1030.84
23.79,1030.86
23.65,1030.88
23.71,1030.87
23.91,1030.89
24.07,1030.88
24.12,1030.87
24.12,1030.86
23.87,1030.88
23.9,1030.87
24.15,1030.86
24.31,1030.88
24.29,1030.87
24.25,1030.86
24.3,1030.85
24.29,1030.87
24.11,1030.89
24.05,1030.91
24.06,1030.9
24.06,1030.89
24.26,1030.88
24.34,1030.87
24.25,1030.86
24.39,1030.88
24.42,1030.9
24.38,1030.89
24.45,1030.91
24.43,1030.9
24.44,1030.89
24.44,1030.88
24.51,1030.87
24.44,1030.86
24.38,1030.85
24.34,1030.87
24.17,1030.86
24.15,1030.85
23.99,1030.87
23.97,1030.89
24.3,1030.88
24.23,1030.87
24.43,1030.86
24.35,1030.85
24.36,1030.84
24.19,1030.83
24.14,1030.85
24.22,1030.84
24.24,1030.83
24.33,1030.82
24.29,1030.84
24.14,1030.83
24.2,1030.82
24.16,1030.84
24.22,1030.86
24.15,1030.88
24.09,1030.9
23.89,1030.92
23.83,1030.94
23.93,1030.96
23.82,1030.95
23.66,1030.97
23.78,1030.96
23.96,1030.95
23.93,1030.94
24.11,1030.93
24.21,1030.95
24.13,1030.97
23.8,1030.99
24,1031.01
24.18,1031
24.17,1031.02
24.11,1031.04
24.12,1031.06
24.16,1031.05
24.19,1031.04
24.18,1031.06
24.17,1031.08
24.21,1031.1
24.21,1031.09
24.11,1031.11
24.01,1031.1
24.02,1031.12
24.04,1031.11
23.87,1031.1
23.95,1031.09
23.87,1031.11
24.01,1031.13
24.05,1031.12
24.08,1031.11
24.07,1031.1
24.04,1031.12
24.1,1031.11
24.42,1031.1
24.48,1031.09
24.33,1031.08
24.26,1031.07
24.08,1031.09
24.06,1031.11
24.18,1031.1
24.15,1031.12
24.1,1031.14
24.13,1031.13
24.14,1031.12
24.22,1031.14
24.24,1031.13
24.03,1031.12
23.76,1031.11
24,1031.13
24.23,1031.15
24.34,1031.14
24.41,1031.13
24.4,1031.12
24.41,1031.14
24.32,1031.13
24.18,1031.12
24.1,1031.14
24.2,1031.13
24.13,1031.12
23.64,1031.14
23.17,1031.16
23.14,1031.15
23.49,1031.17
23.6,1031.19
23.61,1031.21
23.77,1031.2
23.66,1031.22
23.17,1031.24
23.47,1031.23
23.68,1031.22
23.45,1031.24
23.49,1031.23
23.59,1031.25
23.61,1031.24
23.55,1031.26
23.57,1031.25
23.65,1031.24
23.78,1031.23
23.72,1031.25
23.71,1031.24
23.68,1031.23
23.61,1031.22
23.69,1031.24
23.76,1031.26
23.65,1031.25
23,1031.27
23.07,1031.29
23.37,1031.31
23.49,1031.3
23.4,1031.29
22.66,1031.28
22.46,1031.27
22.94,1031.26
22.95,1031.25
23.06,1031.27
23.28,1031.29
23.23,1031.28
23.25,1031.3
23.53,1031.29
23.65,1031.28
23.76,1031.27
23.64,1031.26
23.59,1031.25
23.45,1031.27
23.21,1031.29
23.17,1031.28
23.19,1031.3
23.33,1031.29
23.5,1031.28
23.41,1031.27
23.34,1031.29
22.54,1031.28
23.06,1031.27
23.08,1031.26
23.37,1031.28
23.2,1031.27
23.14,1031.26
22.94,1031.28
23.06,1031.27
23.2,1031.26
23.39,1031.25
23.44,1031.27
23.58,1031.26
23.64,1031.25
23.56,1031.24
23.4,1031.26
23.45,1031.28
23.15,1031.3
23.19,1031.32
23.17,1031.34
23.03,1031.33
22.89,1031.35
22.87,1031.37
22.91,1031.36
22.89,1031.38
23.05,1031.37
23.25,1031.39
23.26,1031.41
23.17,1031.4
23.29,1031.39
23.24,1031.41
23.03,1031.43
23.09,1031.42
23.05,1031.44
23.25,1031.46
23.45,1031.48
23.48,1031.47
23.55,1031.46
23.41,1031.48
23.06,1031.47
22.74,1031.49
22.74,1031.48
23.01,1031.47
23.14,1031.46
23.14,1031.48
23.02,1031.5
23.05,1031.49
23.23,1031.51
23.43,1031.53
23.48,1031.52
23.57,1031.51
23.62,1031.53
23.56,1031.52
23.68,1031.51
23.76,1031.5
23.74,1031.49
23.8,1031.51
23.84,1031.53
23.87,1031.55
23.8,1031.57
23.83,1031.59
23.81,1031.58
23.83,1031.57
23.77,1031.59
23.85,1031.61
23.9,1031.63
23.89,1031.65
23.94,1031.67
24,1031.69
24.01,1031.68
24.07,1031.67
24.13,1031.69
24.15,1031.71
24.14,1031.7
24.14,1031.72
24.09,1031.71
24.04,1031.73
23.83,1031.72
23.93,1031.74
23.94,1031.73
23.94,1031.72
23.94,1031.74
23.98,1031.76
24,1031.75
23.99,1031.74
23.97,1031.76
23.96,1031.75
24.01,1031.74
23.9,1031.73
23.84,1031.75
23.84,1031.74
23.91,1031.73
23.98,1031.75
23.97,1031.77
24.05,1031.76
24.16,1031.78
24.22,1031.77
24.29,1031.79
24.31,1031.78
24.31,1031.77
24.39,1031.76
24.42,1031.78
24.43,1031.77
24.46,1031.79
24.47,1031.81
24.51,1031.8
24.53,1031.79
24.58,1031.78
24.57,1031.8
24.58,1031.79
24.61,1031.78
24.69,1031.8
24.72,1031.82
24.72,1031.84
24.72,1031.86
24.78,1031.85
24.79,1031.87
24.8,1031.86
24.81,1031.88
24.83,1031.87
24.85,1031.86
24.87,1031.85
24.9,1031.84
24.91,1031.83
24.99,1031.85
25.05,1031.84
25.1,1031.86
25.1,1031.85
25.15,1031.84
25.13,1031.83
25.14,1031.82
25.24,1031.81
25.29,1031.8
25.33,1031.82
25.33,1031.81
25.37,1031.83
25.34,1031.82
25.45,1031.84
25.4,1031.83
25.41,1031.82
25.41,1031.84
25.47,1031.83
25.48,1031.82
25.46,1031.81
25.45,1031.83
25.47,1031.85
25.46,1031.87
25.48,1031.89
25.52,1031.91
25.59,1031.9
25.71,1031.92
25.76,1031.94
25.84,1031.93
25.87,1031.95
25.9,1031.94
25.87,1031.93
25.9,1031.92
25.84,1031.91
25.84,1031.93
25.82,1031.92
25.77,1031.94
25.76,1031.93
25.76,1031.95
25.78,1031.88
25.76,1031.88
25.76,1031.9
25.78,1031.89
25.81,1031.88
25.81,1031.88
25.85,1031.88
25.87,1031.88
25.87,1031.88
25.91,1031.88
25.9,1031.9
25.91,1031.92
25.93,1031.91
25.93,1031.89
25.91,1031.88
25.95,1031.9
25.94,1031.89
25.91,1031.88
25.9,1031.88
25.91,1031.9
25.93,1031.89
25.94,1031.88
25.95,1031.9
26.01,1031.89
26.07,1031.91
26.05,1031.93
26,1031.95
26.02,1031.97
26.04,1031.95
25.99,1031.97
25.91,1031.99
25.87,1031.98
25.94,1032
26.02,1031.98
25.99,1032
26.04,1032.02
26.06,1032.04
26.06,1032.06
26.08,1032.04
26.06,1032.06
26.11,1032.08
26.14,1032.1
26.16,1032.09
26.19,1032.08
26.21,1032.1
26.19,1032.12
26.14,1032.14
26.13,1032.12
26.15,1032.1
26.15,1032.09
26.16,1032.08
26.18,1032.1
26.17,1032.12
26.16,1032.1
26.19,1032.12
26.17,1032.1
26.19,1032.09
26.19,1032.11
26.22,1032.1
26.21,1032.12
26.21,1032.1
26.2,1032.09
26.2,1032.11
26.21,1032.13
26.22,1032.15
26.25,1032.17
26.23,1032.19
26.19,1032.17
26.2,1032.19
26.25,1032.17
26.25,1032.19
26.29,1032.17
26.37,1032.19
26.37,1032.17
26.38,1032.15
26.41,1032.17
26.35,1032.15
26.26,1032.14
26.25,1032.16
26.32,1032.15
26.4,1032.14
26.4,1032.12
26.42,1032.1
26.48,1032.09
26.49,1032.11
26.5,1032.1
26.44,1032.09
26.36,1032.11
26.31,1032.1
26.39,1032.12
26.53,1032.1
26.57,1032.09
26.59,1032.08
26.51,1032.1
26.39,1032.09
26.37,1032.11
26.48,1032.1
26.55,1032.09
26.64,1032.08
26.65,1032.06
26.61,1032.08
26.43,1032.06
26.4,1032.04
26.42,1032.03
26.47,1032.02
26.5,1032
26.46,1032.02
26.51,1032
26.53,1031.98
26.6,1032
26.55,1032.02
26.52,1032.04
26.51,1032.06
26.49,1032.08
26.52,1032.06
26.57,1032.08
26.5,1032.1
26.57,1032.09
26.55,1032.08
26.6,1032.1
26.58,1032.12
26.6,1032.14
26.56,1032.12
26.53,1032.1
26.48,1032.12
26.45,1032.14
26.49,1032.16
26.55,1032.18
26.51,1032.2
26.47,1032.22
26.54,1032.24
26.49,1032.22
26.52,1032.24
26.49,1032.26
26.45,1032.24
26.47,1032.22
26.46,1032.21
26.29,1032.2
26.14,1032.22
26.15,1032.21
26.2,1032.2
26.1,1032.22
26.06,1032.21
26.09,1032.2
26.06,1032.22
26.14,1032.21
25.96,1032.2
26.01,1032.22
26.09,1032.24
25.88,1032.22
26.09,1032.24
25.94,1032.26
25.83,1032.24
25.87,1032.26
25.73,1032.24
25.73,1032.22
25.74,1032.24
25.99,1032.22
25.94,1032.24
25.87,1032.26
25.79,1032.28
25.88,1032.27
25.99,1032.29
25.86,1032.31
25.67,1032.33
25.76,1032.35
25.77,1032.37
25.83,1032.35
25.82,1032.37
25.91,1032.35
26.04,1032.37
25.98,1032.39
26.05,1032.41
26.04,1032.43
25.97,1032.45
25.87,1032.43
25.62,1032.45
25.58,1032.47
25.63,1032.45
25.64,1032.47
25.62,1032.49
25.56,1032.51
25.53,1032.49
25.47,1032.47
25.58,1032.49
25.66,1032.47
25.6,1032.45
25.72,1032.43
25.65,1032.45
25.55,1032.47
25.55,1032.49
25.57,1032.51
25.58,1032.49
25.63,1032.47
25.59,1032.49
25.53,1032.51
25.49,1032.53
25.32,1032.52
25.34,1032.54
25.36,1032.56
25.31,1032.55
25.22,1032.57
25.05,1032.55
25,1032.57
24.98,1032.59
25.18,1032.61
25.01,1032.63
25.1,1032.65
25.1,1032.64
25.13,1032.66
25.02,1032.65
25.03,1032.64
24.98,1032.62
24.89,1032.6
24.89,1032.62
25.13,1032.6
25.21,1032.58
25.27,1032.56
25.2,1032.55
25.37,1032.57
25.31,1032.55
25.31,1032.54
25.43,1032.53
25.59,1032.55
25.88,1032.54
25.84,1032.53
25.86,1032.52
25.96,1032.54
26.01,1032.56
25.93,1032.58
25.88,1032.6
25.89,1032.58
25.87,1032.6
25.65,1032.62
25.64,1032.6
25.73,1032.58
25.91,1032.6
25.72,1032.62
25.57,1032.64
25.56,1032.62
25.34,1032.64
25.3,1032.62
25.25,1032.6
25.11,1032.62
25.06,1032.64
24.82,1032.66
25.02,1032.68
25.05,1032.7
25.27,1032.68
25.14,1032.7
25.06,1032.72
25.13,1032.7
25.08,1032.68
25.22,1032.7
25.14,1032.68
25.15,1032.67
25.08,1032.66
25.1,1032.65
25.05,1032.64
25.15,1032.62
25.07,1032.6
24.9,1032.58
24.87,1032.56
24.78,1032.58
24.75,1032.6
24.61,1032.62
24.75,1032.6
24.76,1032.62
24.66,1032.64
24.62,1032.66
24.65,1032.68
24.4,1032.7
24.4,1032.72
24.26,1032.7
24.34,1032.72
24.56,1032.74
24.61,1032.76
24.61,1032.78
24.72,1032.8
24.75,1032.82
24.66,1032.84
24.59,1032.82
24.48,1032.84
24.53,1032.86
24.48,1032.88
24.52,1032.9
24.5,1032.89
24.55,1032.91
24.53,1032.93
24.42,1032.92
24.57,1032.91
24.49,1032.93
24.53,1032.92
24.39,1032.91
24.44,1032.9
24.42,1032.92
24.48,1032.94
24.48,1032.93
24.49,1032.92
24.58,1032.91
24.57,1032.93
24.55,1032.92
24.58,1032.94
24.49,1032.96
24.48,1032.98
24.51,1032.97
24.53,1032.96
24.6,1032.98
24.66,1033
24.65,1033.02
24.53,1033.04
24.56,1033.06
24.47,1033.08
24.47,1033.07
24.41,1033.06
24.28,1033.05
24.28,1033.07
24.26,1033.06
24.23,1033.08
24.17,1033.1
24.23,1033.12
24.16,1033.14
24.1,1033.13
24.02,1033.12
23.94,1033.11
23.92,1033.1
23.93,1033.09
23.84,1033.08
23.78,1033.07
23.8,1033.09
23.69,1033.08
23.57,1033.1
23.27,1033.09
23.28,1033.11
23.25,1033.1
23.28,1033.12
23.37,1033.14
23.37,1033.16
23.47,1033.15
23.55,1033.14
23.54,1033.16
23.46,1033.18
23.5,1033.2
23.49,1033.19
23.55,1033.21
23.54,1033.23
23.56,1033.25
23.6,1033.27
23.68,1033.26
23.53,1033.24
23.51,1033.23
23.59,1033.22
23.55,1033.21
23.44,1033.2
23.45,1033.22
23.42,1033.21
23.44,1033.23
23.47,1033.22
23.4,1033.24
23.56,1033.26
23.39,1033.28
23.4,1033.27
23.5,1033.26
23.66,1033.28
23.65,1033.27
23.76,1033.29
23.77,1033.28
23.72,1033.3
23.71,1033.32
23.8,1033.31
23.77,1033.33
23.91,1033.35
23.98,1033.37
24.07,1033.39
24.08,1033.41
23.86,1033.4
23.91,1033.42
23.87,1033.41
23.92,1033.43
23.95,1033.45
24.01,1033.44
24.03,1033.43
23.75,1033.45
23.52,1033.44
23.46,1033.46
23.29,1033.48
23.23,1033.5
23.36,1033.52
23.43,1033.54
23.47,1033.56
23.46,1033.55
23.28,1033.54
23.29,1033.56
23.27,1033.55
23.27,1033.57
23.32,1033.56
23.26,1033.58
22.96,1033.6
22.97,1033.59
23.09,1033.61
23.17,1033.63
23.17,1033.62
23.15,1033.61
23.31,1033.63
23.37,1033.65
23.39,1033.67
23.32,1033.69
23.41,1033.71
23.43,1033.7
23.44,1033.72
23.41,1033.71
23.29,1033.73
23.49,1033.75
23.44,1033.74
23.41,1033.73
23.4,1033.72
23.56,1033.74
23.61,1033.73
23.38,1033.72
23.34,1033.71
23.34,1033.7
23.5,1033.72
23.73,1033.74
23.82,1033.73
24.12,1033.75
24.06,1033.74
23.88,1033.73
23.81,1033.75
23.61,1033.74
23.56,1033.76
23.84,1033.78
24.07,1033.77
24.36,1033.79
24.51,1033.78
24.51,1033.8
24.38,1033.79
24.3,1033.78
24.47,1033.77
24.47,1033.79
24.47,1033.81
24.36,1033.8
24.2,1033.79
24.26,1033.78
24.41,1033.8
24.45,1033.79
24.29,1033.78
24.24,1033.77
24.41,1033.79
24.35,1033.78
24.31,1033.77
24.54,1033.79
24.68,1033.81
24.74,1033.83
24.86,1033.82
24.88,1033.84
24.72,1033.83
24.89,1033.85
24.98,1033.87
24.96,1033.86
25.06,1033.88
25.05,1033.87
25.03,1033.89
25.07,1033.87
25.18,1033.89
25.23,1033.91
25.25,1033.89
25.25,1033.87
25.25,1033.86
25.21,1033.88
25.22,1033.87
25.29,1033.86
25.3,1033.88
25.35,1033.9
25.43,1033.92
25.45,1033.94
25.48,1033.96
25.43,1033.98
25.45,1033.96
25.5,1033.94
25.53,1033.96
25.51,1033.94
25.52,1033.92
25.5,1033.94
25.57,1033.96
25.53,1033.94
25.53,1033.96
25.52,1033.98
25.55,1034
25.58,1033.98
25.66,1034
25.72,1033.98
25.77,1034
25.78,1033.98
25.81,1034
25.81,1034.02
25.79,1034
25.77,1034.02
25.77,1034
25.73,1034.02
25.74,1034
25.73,1033.98
25.73,1033.96
25.69,1033.98
25.73,1034
25.76,1034.02
25.76,1034
25.79,1033.98
25.83,1033.96
25.85,1033.98
25.84,1033.96
25.79,1033.94
25.78,1033.92
25.8,1033.9
25.82,1033.92
25.85,1033.94
25.88,1033.96
25.95,1033.94
26.02,1033.96
26.03,1033.98
26.08,1033.96
26.11,1033.98
26.13,1034
26.13,1034.02
26.14,1034
26.16,1034.02
26.08,1034
25.94,1034.02
25.99,1034
26.02,1033.98
26.09,1034
26.05,1034.02
26.05,1034
26,1033.98
25.99,1033.96
25.97,1033.98
25.97,1034
26.01,1033.98
26,1034
26.02,1034.02
25.99,1034
25.89,1034.02
25.92,1034
26,1033.98
26.05,1034
25.99,1034.02
26.03,1034.04
26.1,1034.06
25.99,1034.08
26.13,1034.1
26.12,1034.09
26.03,1034.07
26.05,1034.05
26.07,1034.03
26.16,1034.01
26.22,1034.03
26.23,1034.01
26.23,1034.03
26.29,1034.01
26.27,1033.99
26.17,1033.97
26.2,1033.95
26.12,1033.97
26.15,1033.99
26.19,1034.01
26.26,1034.03
26.17,1034.01
26.27,1034.03
26.23,1034.05
26.31,1034.03
26.29,1034.05
26.33,1034.07
26.36,1034.09
26.39,1034.07
26.25,1034.05
26.24,1034.07
26.34,1034.09
26.11,1034.07
26.29,1034.05
26.43,1034.07
26.48,1034.09
26.51,1034.11
26.5,1034.09
26.54,1034.11
26.59,1034.09
26.61,1034.07
26.58,1034.09
26.55,1034.11
26.59,1034.13
26.59,1034.11
26.65,1034.09
26.59,1034.07
26.59,1034.05
26.63,1034.07
26.64,1034.05
26.65,1034.07
26.67,1034.05
26.68,1034.07
26.7,1034.05
26.71,1034.07
26.72,1034.09
26.73,1034.07
26.74,1034.09
26.75,1034.07
26.81,1034.09
26.84,1034.11
26.83,1034.09
26.82,1034.11
26.85,1034.09
26.86,1034.11
26.8,1034.09
26.81,1034.11
26.72,1034.09
26.83,1034.11
26.85,1034.09
26.87,1034.11
26.78,1034.09
26.62,1034.07
26.64,1034.05
26.72,1034.03
26.58,1034.01
26.72,1034.03
26.69,1034.05
26.76,1034.07
26.62,1034.09
26.4,1034.11
26.63,1034.09
26.69,1034.07
26.59,1034.05
26.76,1034.07
26.81,1034.05
26.86,1034.07
26.9,1034.05
26.91,1034.03
26.92,1034.05
26.82,1034.07
26.9,1034.09
26.92,1034.11
26.98,1034.09
26.63,1034.11
26.18,1034.13
26.18,1034.15
26.14,1034.17
26.37,1034.19
26.43,1034.17
26.72,1034.19
26.76,1034.21
26.78,1034.23
26.54,1034.25
26.28,1034.27
26.62,1034.29
26.77,1034.28
26.93,1034.26
27.02,1034.28
27.06,1034.26
26.89,1034.28
26.69,1034.26
26.79,1034.24
26.92,1034.22
27.01,1034.24
27.02,1034.26
26.92,1034.24
26.41,1034.22
26.62,1034.2
25.97,1034.18
26.15,1034.16
26.5,1034.18
26.75,1034.2
26.86,1034.18
26.94,1034.16
26.91,1034.14
26.4,1034.12
26.41,1034.11
26.36,1034.13
26.33,1034.15
26.38,1034.17
26.66,1034.19
26.44,1034.17
25.88,1034.19
25.75,1034.17
25.04,1034.15
24.99,1034.13
25.06,1034.11
25.24,1034.13
24.89,1034.15
24.76,1034.13
24.24,1034.11
24.79,1034.09
24.47,1034.11
24.66,1034.13
24.5,1034.11
24.2,1034.09
24.42,1034.11
24.7,1034.09
24.83,1034.11
25.08,1034.09
25.31,1034.11
25.05,1034.13
24.89,1034.11
24.91,1034.13
25.04,1034.15
25.16,1034.17
25.13,1034.19
24.92,1034.21
24.94,1034.19
25.04,1034.21
25.06,1034.19
25.17,1034.21
24.97,1034.23
24.6,1034.21
24.76,1034.19
24.63,1034.17
24.98,1034.19
25.07,1034.21
25.25,1034.23
25.09,1034.21
24.72,1034.23
24.4,1034.21
24.35,1034.19
24.12,1034.21
24.13,1034.23
23.75,1034.21
23.85,1034.23
24.1,1034.21
24.28,1034.19
24.25,1034.21
24.09,1034.19
23.91,1034.17
23.71,1034.15
23.92,1034.13
24.04,1034.11
24.24,1034.09
24.42,1034.07
24.27,1034.05
24.54,1034.03
24.68,1034.05
24.94,1034.03
25.14,1034.05
25.21,1034.03
24.59,1034.01
24.42,1033.99
24.42,1034.01
24.38,1033.99
24.24,1033.97
24.4,1033.95
24.73,1033.97
24.48,1033.99
24.24,1033.97
24.24,1033.95
24.3,1033.97
24.64,1033.95
24.86,1033.93
24.97,1033.95
24.77,1033.97
24.45,1033.99
24.37,1033.97
24.25,1033.95
24.03,1033.93
24.03,1033.91
24.22,1033.89
24.17,1033.87
24.01,1033.86
24.13,1033.88
24.08,1033.87
23.98,1033.86
24.49,1033.88
24.61,1033.9
24.28,1033.92
24.35,1033.9
24.28,1033.92
24.18,1033.9
24.2,1033.92
24.46,1033.9
24.64,1033.92
24.45,1033.94
24.52,1033.96
24.48,1033.98
24.19,1034
24.17,1034.02
24.23,1034
24.38,1033.98
24.32,1033.96
24.12,1033.94
24.11,1033.92
23.99,1033.94
23.77,1033.92
24.01,1033.9
24.1,1033.92
24.04,1033.94
24.02,1033.96
24.23,1033.98
24.24,1033.96
24.05,1033.98
23.93,1033.96
23.49,1033.98
23.63,1033.96
23.91,1033.98
23.87,1034
23.69,1033.98
23.78,1033.96
23.81,1033.94
23.84,1033.92
23.92,1033.94
23.98,1033.92
23.94,1033.9
24.02,1033.92
24.14,1033.9
24.1,1033.88
24.04,1033.9
24,1033.88
23.8,1033.9
24.05,1033.92
23.98,1033.94
23.94,1033.96
23.78,1033.98
23.74,1033.96
23.71,1033.94
23.71,1033.92
23.74,1033.94
23.75,1033.96
23.77,1033.98
23.71,1034
23.68,1033.98
23.71,1034
23.82,1034.02
23.79,1034.04
23.65,1034.03
23.52,1034.01
23.52,1033.99
23.57,1034.01
23.6,1034.03
23.68,1034.01
23.62,1033.99
23.72,1034.01
23.77,1033.99
23.87,1034.01
23.96,1033.99
23.95,1033.97
23.94,1033.99
23.76,1033.97
23.58,1033.95
23.57,1033.97
23.47,1033.95
23.37,1033.97
23.39,1033.95
23.57,1033.97
23.58,1033.99
23.56,1033.97
23.7,1033.95
23.55,1033.93
23.24,1033.91
23.06,1033.89
23.15,1033.91
23.23,1033.89
23.26,1033.87
23.32,1033.89
23.27,1033.91
23.13,1033.93
23.14,1033.95
23.18,1033.93
23.2,1033.95
23.23,1033.97
23.29,1033.99
23.21,1033.97
23.28,1033.95
23.5,1033.93
23.55,1033.91
23.53,1033.93
23.57,1033.91
23.46,1033.93
23.27,1033.95
23.21,1033.97
23.47,1033.99
23.45,1034.01
23.32,1033.99
23.16,1034.01
23,1034.03
22.85,1034.01
23.09,1034.03
23.16,1034.01
23.17,1033.99
23.19,1034.01
23.17,1033.99
23.23,1034.01
23.1,1034.03
23.39,1034.01
23.37,1034.03
23.54,1034.05
23.5,1034.03
23.29,1034.01
23.2,1033.99
23.09,1034.01
22.53,1034.03
22.59,1034.01
22.78,1034.03
22.7,1034.05
22.78,1034.03
22.82,1034.01
22.86,1033.99
22.94,1033.97
22.88,1033.99
22.89,1033.97
22.93,1033.95
22.89,1033.97
22.93,1033.95
22.83,1033.97
22.87,1033.95
22.8,1033.93
22.87,1033.95
22.83,1033.93
22.66,1033.91
22.73,1033.89
22.7,1033.87
22.82,1033.89
22.69,1033.91
22.7,1033.89
22.79,1033.91
22.87,1033.93
22.94,1033.95
22.99,1033.93
23.06,1033.95
22.92,1033.93
22.87,1033.95
22.7,1033.97
22.83,1033.95
22.83,1033.93
22.9,1033.91
22.93,1033.93
22.88,1033.91
22.73,1033.93
22.85,1033.95
22.68,1033.93
22.48,1033.95
22.56,1033.93
22.55,1033.95
22.56,1033.97
22.38,1033.95
22.56,1033.93
22.81,1033.91
22.93,1033.93
22.38,1033.95
21.97,1033.97
21.67,1033.95
21.98,1033.93
22.12,1033.95
21.97,1033.97
22.24,1033.99
21.99,1034.01
22.18,1034.03
22.45,1034.05
22.37,1034.07
22.36,1034.09
22.15,1034.07
22.25,1034.05
22.41,1034.03
22.31,1034.05
22.37,1034.03
22.65,1034.05
22.93,1034.07
22.64,1034.09
22.38,1034.07
22.73,1034.09
22.59,1034.11
22.64,1034.09
22.63,1034.11
22.83,1034.13
22.76,1034.15
22.69,1034.17
22.64,1034.15
22.81,1034.17
22.82,1034.19
22.53,1034.17
22.61,1034.15
22.64,1034.13
22.7,1034.15
22.73,1034.17
22.85,1034.19
23.17,1034.21
23.39,1034.19
23.13,1034.21
23.27,1034.23
23.26,1034.25
23.15,1034.23
22.9,1034.21
23.02,1034.23
23,1034.21
23.28,1034.19
23.11,1034.17
23.34,1034.19
23.49,1034.21
23.71,1034.19
23.8,1034.21
23.86,1034.23
24.19,1034.21
24.31,1034.19
24.35,1034.21
24.47,1034.23
24.3,1034.25
24.15,1034.27
24.37,1034.29
24.43,1034.31
24.49,1034.3
24.4,1034.32
24.51,1034.3
24.6,1034.32
24.37,1034.3
24.55,1034.32
24.54,1034.3
24.35,1034.32
24.36,1034.34
24.45,1034.36
24.37,1034.38
24.65,1034.36
24.61,1034.38
24.77,1034.36
24.72,1034.34
24.78,1034.32
24.78,1034.34
24.85,1034.32
25.02,1034.3
25.02,1034.32
24.88,1034.3
24.77,1034.32
24.85,1034.3
25,1034.32
25.15,1034.3
25.12,1034.32
25.27,1034.34
24.83,1034.36
25.04,1034.38
24.84,1034.36
24.87,1034.38
25.09,1034.4
25.18,1034.42
24.94,1034.44
24.92,1034.42
25.08,1034.4
25.15,1034.38
24.95,1034.36
25.16,1034.34
25.26,1034.36
25.29,1034.38
25.27,1034.36
25.4,1034.34
25.39,1034.36
25.34,1034.34
25.27,1034.36
25.31,1034.38
25.27,1034.4
25.23,1034.42
25.26,1034.4
25.04,1034.42
24.95,1034.44
25.08,1034.46
24.91,1034.44
25.1,1034.46
25.14,1034.48
25.08,1034.5
25.2,1034.48
24.84,1034.46
24.69,1034.44
24.66,1034.42
24.65,1034.4
24.65,1034.38
24.73,1034.36
24.88,1034.38
25,1034.4
25.17,1034.42
25.14,1034.44
25.1,1034.42
25.1,1034.4
25.32,1034.38
25.33,1034.36
25.33,1034.34
25.42,1034.36
25.35,1034.38
25.22,1034.4
25.14,1034.38
25.03,1034.36
25.08,1034.34
25.04,1034.32
25.07,1034.34
25.01,1034.36
25.02,1034.34
25.03,1034.36
25.09,1034.38
25.07,1034.36
25.11,1034.34
25.09,1034.32
25.11,1034.34
25.12,1034.36
25.14,1034.34
25.13,1034.32
25.18,1034.3
25.26,1034.28
25.19,1034.26
25.06,1034.24
25.15,1034.26
25.11,1034.24
25.14,1034.26
25.2,1034.28
25.28,1034.26
25.41,1034.28
25.35,1034.3
25.49,1034.32
25.6,1034.3
25.68,1034.32
25.75,1034.3
25.75,1034.28
25.7,1034.3
25.68,1034.28
25.83,1034.3
25.82,1034.32
25.79,1034.3
25.79,1034.32
25.84,1034.3
25.77,1034.28
25.69,1034.3
25.68,1034.28
25.68,1034.3
25.79,1034.32
25.87,1034.34
25.92,1034.32
25.96,1034.34
25.97,1034.32
25.9,1034.34
25.88,1034.32
25.98,1034.3
